,Category,Group,Component 1,Confidence Interval 1,Variance of Comp. 1,Variance of Sample Variance of Comp.1,Component 2,Confidence Interval 2,Variance of Comp. 2,Variance of Sample Variance of Comp.2,Component 3,Confidence Interval 3,Variance of Comp. 3,Variance of Sample Variance of Comp.3,Component 4,Confidence Interval 4,Variance of Comp. 4,Variance of Sample Variance of Comp.4,Component 5,Confidence Interval 5,Variance of Comp. 5,Variance of Sample Variance of Comp.5,Component 6,Confidence Interval 6,Variance of Comp. 6,Variance of Sample Variance of Comp.6,Component 7,Confidence Interval 7,Variance of Comp. 7,Variance of Sample Variance of Comp.7,Component 8,Confidence Interval 8,Variance of Comp. 8,Variance of Sample Variance of Comp.8,Component 9,Confidence Interval 9,Variance of Comp. 9,Variance of Sample Variance of Comp.9,Component 10,Confidence Interval 10,Variance of Comp. 10,Variance of Sample Variance of Comp.10
PRE: WHAT IS PRESENT RELIGION OF R: Agnostic,PRE: WHAT IS PRESENT RELIGION OF R,Agnostic,0.28608074865188493,0.005546485024045844,0.06631416990364368,0.02693118563611458,0.5287303617949949,0.005845410196443239,0.07365472864616412,0.020881431756418253,0.5735482902709126,0.00586806413362483,0.07422673396916447,0.022575897145780954,0.3535889418869079,0.005341695400720689,0.06150761503541689,0.01531495744540866,0.45818359515521434,0.005333655609898601,0.06132260403075226,0.015326575093209057,0.43080943457980575,0.005356667439342632,0.06185289303759568,0.015798318238583936,0.5731619905978471,0.0058345345033782164,0.07338090662158829,0.02053746410240581,0.47633369095478467,0.005759464984756784,0.0715047566284104,0.018853980427949803,0.4548592347270338,0.0053363613346035415,0.06138483683405617,0.01596762412473282,0.5464360704361311,0.005690914429567502,0.06981275217323836,0.018349893841814263
PRE: WHAT IS PRESENT RELIGION OF R: Atheist,PRE: WHAT IS PRESENT RELIGION OF R,Atheist,0.2470204260619264,0.005394606665279667,0.06273215654448831,0.022168295399826614,0.5295222441998189,0.00573248665949681,0.07083644437405946,0.019370179474712756,0.5277420981057186,0.005784038249592741,0.07211622097402563,0.020421897565890846,0.33519339058389314,0.005312741282897552,0.060842630602911875,0.015984333714764945,0.4621149988638297,0.005515531023311336,0.065576058829963,0.01650941425446267,0.4740658861785917,0.00548572829576671,0.06486930354836985,0.016125461414235792,0.5607321820058915,0.005683119309141729,0.06962163135795468,0.018745475620625937,0.4507468046059224,0.005509686055171014,0.06543714677189988,0.018233601396340587,0.45141337842186774,0.005687481648814598,0.06972855495133937,0.018026059360642267,0.5828490715653671,0.005666497781715063,0.06921497947412683,0.02019018505325111
PRE: WHAT IS PRESENT RELIGION OF R: Buddhist,PRE: WHAT IS PRESENT RELIGION OF R,Buddhist,0.28321735805667525,0.006094827833633864,0.08007437040721847,0.037251913014228775,0.5208893883743064,0.005368804630150949,0.0621335043946457,0.01765234426636016,0.5412347980442066,0.005593628053891259,0.06744625152066845,0.01743417702266275,0.403855614813643,0.005323709178604923,0.061094103208768215,0.019473685104045957,0.513213618492077,0.005599861140369722,0.0675966485593196,0.019546526261918804,0.46729889221924076,0.005190616316553586,0.058077578895832545,0.01366401095499101,0.5950610291644893,0.004796910023698561,0.049601383836408004,0.013881413362088285,0.4078400273025635,0.005685927903772075,0.06969046231045459,0.022470542795773363,0.49815855254552793,0.0058669083974682585,0.074197498408578,0.017330039665266684,0.5735957115102136,0.00552795219785727,0.06587175070320202,0.014654772050578446
PRE: WHAT IS PRESENT RELIGION OF R: Catholic,PRE: WHAT IS PRESENT RELIGION OF R,Catholic,0.5189637232614078,0.005798907048701695,0.07248747019190793,0.019803227655052602,0.5347762606938772,0.005861737326727505,0.07406676126396847,0.020613150083890752,0.4934269889758818,0.006165337131616558,0.08193780156450016,0.02365542035444543,0.5380455749708858,0.006169854200623595,0.08205790993191792,0.023929808556541015,0.43669097844779137,0.005903975866454992,0.07513802844743059,0.021268630824806654,0.46814921531415293,0.006115245302776043,0.08061176194262323,0.02301627189977605,0.4828719415280832,0.006288091418372437,0.08523311135676165,0.025525445190364756,0.5311126376947267,0.0062746902207569686,0.0848702004079801,0.025333137790316294,0.5359985658671659,0.006363106889029316,0.08727886413689646,0.02651552638900963,0.4979819669139372,0.006274411692886552,0.08486266595107492,0.025147196964410364
PRE: WHAT IS PRESENT RELIGION OF R: Hindu,PRE: WHAT IS PRESENT RELIGION OF R,Hindu,0.4236062263353074,0.0036941742727163883,0.029417475954172368,0.0036785781464958108,0.5883702919771071,0.005261933659470248,0.05968447595215262,0.017174810886315374,0.544976901353805,0.00705230875413649,0.10720950323545603,0.037193813614465165,0.6569826444322348,0.005763923211967966,0.07161549880090835,0.027246999262391852,0.3453154318749671,0.005743815867270468,0.071116711511694,0.02663476331401493,0.39828080369825397,0.006571680775504499,0.09309440197469444,0.030695800563535533,0.7189696544668478,0.005008905392093534,0.05408244358672822,0.025780763217434492,0.5496220614862414,0.006872225095439036,0.10180413084516254,0.032174826869903764,0.4688699274689213,0.006093591232450107,0.08004188055888424,0.022341114282363725,0.5424222081654884,0.006253295656017477,0.08429242991450878,0.02451194105259774
PRE: WHAT IS PRESENT RELIGION OF R: Jewish,PRE: WHAT IS PRESENT RELIGION OF R,Jewish,0.33875375679813785,0.00634182473096598,0.08669601166240536,0.034730468092321144,0.6795639375854904,0.00533610688526807,0.061378983048085055,0.01799652536686179,0.4604788025807987,0.006078895190905345,0.07965626875626307,0.02253914618989686,0.5285281086411087,0.005803050668429602,0.07259109931393684,0.01813922387577294,0.4891355155175416,0.005396187041869783,0.06276891731673422,0.015306258074035356,0.4248666480898157,0.005688191066725655,0.06974595097084987,0.02001798941905776,0.5597061663987415,0.005276073541323293,0.06000567549608247,0.015519927766944715,0.5031858923927156,0.005621739343308646,0.06812586959386492,0.018141812106079923,0.5014628029862785,0.006131397215381309,0.08103815649275524,0.02451948060051787,0.5774419310434357,0.0060245230984397186,0.07823768580003634,0.022421777135332017
PRE: WHAT IS PRESENT RELIGION OF R: Mormon,PRE: WHAT IS PRESENT RELIGION OF R,Mormon,0.6511538295193373,0.004728158812364506,0.048189759536891745,0.011463618045251152,0.5877938529551026,0.005792919241106939,0.07233784995109428,0.01862074831019491,0.5123427971642588,0.006149079934012974,0.08150625248853845,0.022542172698808472,0.49900715513087457,0.006545879431041183,0.09236483351367221,0.02648538951020483,0.5393536952964657,0.006412284677540305,0.0886331609714257,0.02647555953883651,0.5757081268055515,0.006195130493028737,0.08273162708091081,0.02542594001369258,0.498250079772825,0.006149943915499383,0.08152915830246009,0.020809866512549638,0.597677460892892,0.007082355832860629,0.10812500336551664,0.039105846993533894,0.5715218032932308,0.005473392936688556,0.06457789775899708,0.01771199223220891,0.5040447758066787,0.006328446357687042,0.0863306189640576,0.02564372552624595
PRE: WHAT IS PRESENT RELIGION OF R: Muslim,PRE: WHAT IS PRESENT RELIGION OF R,Muslim,0.44702887826762894,0.00456693687856377,0.044959416529772527,0.010839763121084284,0.4378655013281906,0.004986580473040025,0.053601422128565404,0.011265152465762604,0.34210314007310433,0.006260361355454064,0.08448302427878061,0.025642240558680193,0.42603373972427955,0.005645694618713711,0.06870770056842296,0.0171402616805459,0.5088734250841939,0.006773757096998104,0.09890765068175056,0.03220667188353172,0.6355683507889247,0.005895209444256394,0.07491505915635169,0.022274155036553073,0.6636136385342993,0.005137296772098884,0.056890527144356814,0.017850698453208278,0.6359170852113258,0.005773538459781259,0.07185463284107531,0.022401701390797595,0.480548916624166,0.006352221692064797,0.08698050830758962,0.02490760509581429,0.6072180924135363,0.006737805617860678,0.09786053902879005,0.03214613345423085
PRE: WHAT IS PRESENT RELIGION OF R: None,PRE: WHAT IS PRESENT RELIGION OF R,None,0.5361031488894363,0.0053045851639364075,0.06065596281950167,0.014837317587809094,0.5764166789476923,0.005583276144797922,0.06719684223055794,0.018342277487401457,0.5220066044317406,0.006158835758788069,0.08176508519428968,0.02166015573536577,0.5675713147162147,0.006154985090150204,0.08166287372603037,0.023021649151164704,0.5101270172246398,0.005929585351674596,0.07579128978958358,0.020644852966332995,0.44417926632570354,0.005159721702294473,0.05738827940373894,0.015888406496419878,0.4843546751495226,0.00563669257947649,0.06848876690209373,0.016897065046521036,0.4319362181556139,0.0056745277253615846,0.06941128633255059,0.017826198887116777,0.5177874790885645,0.006183855940436322,0.08243077359213674,0.023894477350833453,0.46808640409361413,0.005617412173649474,0.06802103415982054,0.02004347464007297
PRE: WHAT IS PRESENT RELIGION OF R: Nothing in particular,PRE: WHAT IS PRESENT RELIGION OF R,Nothing in particular,0.4562106869528963,0.005768602476454359,0.07173182369678609,0.01954895757862228,0.4329209442079018,0.006115571891442816,0.08062037242006374,0.024903441981403495,0.47426023196715933,0.006550236955284053,0.09248784707342954,0.02872963440253651,0.4237730101718227,0.005803011911145425,0.0725901296775747,0.020928483011670596,0.4515341054602854,0.006099991501134979,0.08021010929562022,0.023197177754181463,0.44095976846695456,0.00607430394273698,0.07953598914097171,0.023165946618535306,0.4949792219887684,0.0061570651071857765,0.08171807739178334,0.02387511888554823,0.49574679922226816,0.006071642505723093,0.07946630752676045,0.022855594487687876,0.48259379636515715,0.006107530650909752,0.08040849964420589,0.023202804709714742,0.4692107580020862,0.00619097148349956,0.0826205830508561,0.024330766672135212
PRE: WHAT IS PRESENT RELIGION OF R: Orthodox,PRE: WHAT IS PRESENT RELIGION OF R,Orthodox,0.5641162734443037,0.005023835000050514,0.05440532171456682,0.013784958492708279,0.41550945303989456,0.0062815661576820295,0.08505630740739803,0.025979141715691982,0.3708558862435465,0.006392491699682037,0.08808683256105719,0.03002411761254069,0.5006361555011432,0.00577931838289122,0.07199857304085881,0.021010575615358688,0.5166735899551042,0.006668232423713319,0.09584999754572873,0.029018335532912116,0.4531771433317041,0.0063558483015440335,0.0870798544570001,0.027449493138776624,0.5521300190895811,0.005714749898837666,0.07039877555055314,0.021570681568193126,0.5775569861156549,0.007020415203744067,0.10624200165132001,0.03753650640988234,0.5363474689760973,0.006521737216369564,0.09168477835231348,0.02879162121421565,0.5660529735053011,0.00656166814388517,0.09281094028679461,0.029115906366407988
PRE: WHAT IS PRESENT RELIGION OF R: Protestant,PRE: WHAT IS PRESENT RELIGION OF R,Protestant,0.6020625128452198,0.0064936588214806875,0.09089700676429217,0.0300064088750631,0.6019767323067925,0.005873761314446976,0.07437093430502284,0.02273057245843097,0.5605846436371144,0.005683850730882466,0.06963955322407442,0.018113266180345915,0.5497158194099238,0.006045564251979502,0.0787851435483177,0.02267929472849775,0.5727724855518697,0.0062088952491694775,0.08309967284936996,0.025695735292520255,0.5727919659632628,0.005952216248444369,0.07637092493198279,0.022222834651859806,0.5062127917678494,0.006233829957191478,0.08376846388824673,0.024595749690933477,0.4893065207731132,0.006148624518309813,0.08149417983600585,0.023440480102673647,0.5193904512006573,0.0061608593124711794,0.08181882366921665,0.023567204246050417,0.5026273049355408,0.006102603074779618,0.08027880429243883,0.023007794579692927
PRE: WHAT IS PRESENT RELIGION OF R: Something else,PRE: WHAT IS PRESENT RELIGION OF R,Something else,0.5256616711440719,0.005636852071154163,0.0684926427717535,0.018301017051894845,0.3843607038128728,0.006092749839315018,0.08001977798039071,0.02525783820633525,0.4584695973433249,0.006270379653855185,0.08475363273607613,0.02544017415975125,0.5506235126762681,0.006422853137957051,0.08892556470228476,0.02791135390046977,0.5470277699093992,0.006443541941692891,0.08949936782950405,0.028027689426081658,0.5402434116942878,0.0066221049441997125,0.09452849994700456,0.029871214243849593,0.4592483790702292,0.006390633115359207,0.08803561841364073,0.02727166804509962,0.4849144675261026,0.006401624331269963,0.08833870281022144,0.026860163876460008,0.4725084409082087,0.0064332223077380735,0.08921292253942738,0.02730586339803671,0.4788484285723533,0.006362449851978588,0.08726084071286286,0.027261981782929975
PRE: RELIGIOUS IDENTIFICATION: Charismatic/Pentecostal,PRE: RELIGIOUS IDENTIFICATION,Charismatic/Pentecostal,0.6028992340157922,0.005433419462973992,0.06363808706656794,0.017056622242693987,0.47199980285363186,0.006658988546174195,0.09558443646327817,0.029791500401020063,0.4134037581277837,0.006189282285377259,0.08257550337494372,0.025872283668959446,0.6073965173414163,0.00628661751228669,0.08519315936812687,0.027795752480775458,0.675533562768625,0.005884547699317281,0.07464432984790662,0.02688704683533301,0.6783640490749622,0.006009794864751827,0.0778556159247832,0.03359866877478179,0.5236317150041558,0.006444164613592363,0.08951666621431996,0.02607815667197503,0.536228021624683,0.0067320744128976,0.09769412868560948,0.03186712962009842,0.5823294455889552,0.006688996631727963,0.09644786153098608,0.03224403359959969,0.4709980493727,0.006100415847634353,0.08022126933181929,0.024082162019477507
PRE: RELIGIOUS IDENTIFICATION: Mainline,PRE: RELIGIOUS IDENTIFICATION,Mainline,0.5372979559589094,0.005572632122109119,0.06694087676535104,0.01812377224675555,0.6174113329103215,0.0060810818351704965,0.07971358550379307,0.023500434347230148,0.4755522830629701,0.006398303530686175,0.08824707633773861,0.02869387776407264,0.5144856948077237,0.006245161078577723,0.08407326953826029,0.022597676333026506,0.5706088773261646,0.006337581994706585,0.08658004968374979,0.028009484580652774,0.5434275433608992,0.006084534254931178,0.0798041229727535,0.024055068439087408,0.5261158557218445,0.006971290980042579,0.10476038099110063,0.033099631415685414,0.45802867719742957,0.005813973473232602,0.07286462600566121,0.021334202946127395,0.5877771593087137,0.006639364299620621,0.09502188599339692,0.033976852317380395,0.4685014175606459,0.006254692300481456,0.08433008676264488,0.027731314548006588
PRE: RELIGIOUS IDENTIFICATION: Non-traditional believer,PRE: RELIGIOUS IDENTIFICATION,Non-traditional believer,0.4830573018895553,0.006204332165528354,0.08297757337633294,0.02396149534247194,0.48927365854244137,0.005882279951195621,0.07458680905599498,0.020987364399020006,0.544213643943123,0.00644000254539069,0.08940107197498172,0.028019622783444074,0.45848193313295277,0.005850736745528973,0.07378902350826663,0.02015095241357244,0.44348777106765497,0.006298017890695163,0.08550242421151291,0.025540000204213414,0.5032969445488796,0.006064797591020243,0.07928723456959898,0.022026089545054174,0.4607435026303767,0.00620192655907037,0.0829132400416938,0.02425875847893893,0.5197040140105631,0.0064223818331018015,0.08891251457898383,0.02699322553631939,0.449837288801822,0.006177111709500939,0.08225107049958828,0.024100871451808437,0.47431875050439914,0.005819837594775992,0.07301168636338713,0.020358827993929657
PRE: RELIGIOUS IDENTIFICATION: None,PRE: RELIGIOUS IDENTIFICATION,None,0.5612747581115392,0.005083483938403168,0.05570492061976914,0.01238951449368005,0.5749268536760571,0.005113385333985326,0.056362168143213424,0.01352000062268211,0.49225793810122276,0.006113300199569651,0.08056048901664353,0.02211679551958485,0.529665437768902,0.0061953099361756895,0.08273641982532061,0.022773103061809175,0.4654552155091819,0.00546300221157595,0.06433294028355258,0.01700793729519613,0.4649826976468976,0.005827555696640565,0.07320546678422003,0.020649725077198564,0.5267153712656204,0.005899490041387902,0.07502389247805023,0.021847813585734382,0.4865867790313023,0.004975997551770407,0.053374149073840305,0.011886598128486773,0.47803597434402917,0.0059714812775186876,0.0768660914460595,0.02151347466632504,0.45678371615249785,0.006096179609700625,0.08010989384579122,0.024090700364856773
PRE: RELIGIOUS IDENTIFICATION: None of the above,PRE: RELIGIOUS IDENTIFICATION,None of the above,0.48421189901345596,0.0057608048293084965,0.0715380293030774,0.019465448248613883,0.4490341133448988,0.0060001588360286875,0.07760615066934211,0.023301215015494686,0.44084637336863813,0.00660687307050053,0.09409413949848944,0.029119833557897185,0.41160627072927125,0.006070741647781239,0.07944272822564592,0.02386480296335566,0.4686152810018766,0.006081678482728301,0.07972922852608157,0.023073054457862757,0.45255813782646814,0.006413590408480896,0.08866926131618512,0.027120929796127312,0.5309995031197223,0.00613746940794464,0.08119874728072698,0.024079691823165116,0.5064285905961435,0.0061993384920371935,0.08284405500768742,0.023771667481243732,0.510651832080876,0.006261032927399235,0.08450115085930522,0.02555685123047693,0.49946883875085596,0.006345674202307795,0.08680129211851693,0.025760328128966486
PRE: RELIGIOUS IDENTIFICATION: Progressive,PRE: RELIGIOUS IDENTIFICATION,Progressive,0.3042413427499809,0.005461637684485629,0.06430080664229,0.021576508151416887,0.5332652774762334,0.006095338975274567,0.08008780181576731,0.023227905073135217,0.5163374246318337,0.005756313358117428,0.07142652205696422,0.02042559039596769,0.45294337704696197,0.005705818396144151,0.07017889698399787,0.018919052793545547,0.5205332802920183,0.005735894689291987,0.07092069558603213,0.01907718778107467,0.47580133920237055,0.005829827065702038,0.07326254355716938,0.019632663673335642,0.4772562512444163,0.005708028082540679,0.07023326372712539,0.019142100269445905,0.5183643169372161,0.005490964518538789,0.06499320040094372,0.016657168269104468,0.4747245088273374,0.0054563245884448,0.06417576349277053,0.016308568399453334,0.5461394181022896,0.005881035175757876,0.0745552451028628,0.020828346639296638
PRE: RELIGIOUS IDENTIFICATION: Secular,PRE: RELIGIOUS IDENTIFICATION,Secular,0.24072660595057757,0.005756311803835367,0.07142648348472533,0.034268581541102294,0.6266917340705154,0.005951596227566433,0.07635501519358355,0.02537737290266427,0.48719307428178726,0.005513780673494462,0.06553444440363175,0.01800873192937686,0.38757928451786827,0.0056828026862171385,0.06961387393134634,0.02032331965119607,0.5315419218344605,0.005095349309406095,0.05596526605664958,0.014226104817699045,0.48958284365045723,0.005217225899743772,0.05867457214452949,0.015003796928403177,0.6378223226769726,0.005379010068546285,0.06236994522939361,0.018213425419797664,0.4360724087690468,0.005450755932313716,0.06404483638680991,0.019345749056531816,0.4085446330511909,0.005639023228834412,0.06854541583184452,0.021574082518467555,0.6039072843495789,0.005504311063461408,0.06530953421645196,0.0175283376243197
PRE: RELIGIOUS IDENTIFICATION: Spiritual but not religious,PRE: RELIGIOUS IDENTIFICATION,Spiritual but not religious,0.4111977566405687,0.005978168741636716,0.0770383525789001,0.02323155000202986,0.49170538514270223,0.0062254432431623164,0.08354321887135294,0.023979266475083076,0.5501503261101149,0.005856654980077907,0.07393837961046856,0.02021791612420279,0.46946575990620404,0.006069712865012987,0.07941580486456626,0.02309731175233702,0.46843883256729396,0.005978251099243618,0.0770404752148897,0.021876855892129024,0.4547941881558568,0.005876771104659305,0.07444717106291458,0.021399994780180474,0.47599869262785355,0.0060437065171382014,0.07873673138615979,0.022051065255460512,0.490440808727808,0.006026622569785018,0.07829222502170471,0.02182570302139064,0.4809539607871379,0.005917897518974883,0.07549279914476899,0.020827169582607153,0.4907867374530528,0.0060619381636856885,0.07921248759365394,0.02246173164844237
PRE: RELIGIOUS IDENTIFICATION: Traditional,PRE: RELIGIOUS IDENTIFICATION,Traditional,0.6207519620235262,0.005621458325348952,0.06811905884964177,0.01859456188903894,0.5115586740964323,0.006250175951170394,0.08420834564255107,0.02515283509051743,0.507593065224494,0.006124111507685341,0.08084568175571998,0.023340547707982783,0.5874368013233833,0.005974127322933573,0.07693422738154604,0.022706436886393812,0.5155972633727129,0.006458256821328092,0.08990860740540883,0.027406915288062175,0.539897469307748,0.0062358096020578655,0.08382167616442746,0.024788856980616013,0.4864007097478253,0.006354581420111754,0.08704514347878466,0.026402812780099604,0.5012230111924575,0.006491575649725934,0.09083869643114832,0.02805186836657995,0.513494977509609,0.006382209344395044,0.08780368423416397,0.02621700459468646,0.49778985880128857,0.006382533383141596,0.08781260043121313,0.026461964260805677
PRE: MARITAL STATUS: Divorced,PRE: MARITAL STATUS,Divorced,0.4962338316023014,0.0058539977170166315,0.0738713006536587,0.01994843202310321,0.4766467750794301,0.006229667482376133,0.08365663289145789,0.024787243622733296,0.5145824478191184,0.0062958319246111845,0.08544308079065822,0.025280778622365295,0.5803000671584625,0.006127444886674767,0.08093371497937257,0.026140598270312867,0.4679839396156365,0.006283846507731041,0.08511807332866216,0.025024554110945802,0.495461922565104,0.006346565322236993,0.08682567275639953,0.025897876456207933,0.511130008140374,0.006076515462594686,0.07959391427638277,0.02282238246977004,0.4788675434666379,0.006291137913626999,0.08531571994287411,0.02606451073803493,0.5245160929191081,0.0060219269712726104,0.07817027093102305,0.022266880422357645,0.4656333887651007,0.006259820182156395,0.08446841873825905,0.02541208607635668
PRE: MARITAL STATUS: Married,PRE: MARITAL STATUS,Married,0.5412112126413507,0.006442806818549719,0.08947894759972169,0.027684254560457172,0.566240961244269,0.005994654910587379,0.07746384024976768,0.022519624100419317,0.5298731408936018,0.005988581299101694,0.07730695150943945,0.02141069920341163,0.5231965622610945,0.006007347889389543,0.07779222873981131,0.021918385100238833,0.4970352822203372,0.006284197091064907,0.08512757127241845,0.025269780425163795,0.5063436613125761,0.00611479285701562,0.08059983401532339,0.023241904016432276,0.5034462040702099,0.006222582096905857,0.08346644540127594,0.024539165206373267,0.49705192598943104,0.00621314018552633,0.08321333990107184,0.024125882964234478,0.5162476896332553,0.006157487770923354,0.0817292971703384,0.023480819658153997,0.49578583613612576,0.006210728337137215,0.08314874808443042,0.024060913121671426
PRE: MARITAL STATUS: Never married,PRE: MARITAL STATUS,Never married,0.42597064964555115,0.005741021236010213,0.07104752522842549,0.02052032515655965,0.40213072147439316,0.005906007807201626,0.0751897570784194,0.023204294259184226,0.45258008739131317,0.006382464007765248,0.08781069147164222,0.02664524544057027,0.4046112078378702,0.006037107572740692,0.07856488463802792,0.024338574843529043,0.5099826932913288,0.006004781295177403,0.07772577065019835,0.022233184214075403,0.49087333008837747,0.00627943186165609,0.08499851783897713,0.025276902386546982,0.48700634670555953,0.006248751611811477,0.08416996989268255,0.025094051150270125,0.5173585246875531,0.006153182648377141,0.08161505199433511,0.023865879826421448,0.45415283609695695,0.006269219390750536,0.08472227022839882,0.02607499312233067,0.5247623488345599,0.006102999629620796,0.08028923786723752,0.02331998719744205
PRE: MARITAL STATUS: None,PRE: MARITAL STATUS,None,0.4861842512821879,0.005806370361222052,0.07267417598877761,0.021643304438586662,0.4909750289296478,0.005724797288742478,0.07064653643257073,0.01717907311096108,0.5193637785605568,0.0057205031622116495,0.07054059333094842,0.018571170616111094,0.4894628566339897,0.005790544342478881,0.07227855002357622,0.0183940440787102,0.6154113701325211,0.005200717079484664,0.05830383281219305,0.01572321322945736,0.5571474981727167,0.006190672750811201,0.08261260986814078,0.024632351598342886,0.6116251290030743,0.0064356604415094845,0.08928055715444047,0.025610848631563998,0.4752904621455311,0.005560203188660025,0.06664260627004433,0.017795792279268488,0.5139137960602189,0.006575560530300916,0.09320435560200205,0.030402680481855217,0.4211891395825608,0.00637773516669909,0.0876806197707171,0.031319731007519176
PRE: MARITAL STATUS: Separated,PRE: MARITAL STATUS,Separated,0.5175389998557762,0.005105423995986429,0.05618679745495713,0.012792278076250633,0.3013996299406369,0.005336677265255617,0.06139210542941112,0.019953324404945922,0.37744393312163144,0.006834336559159689,0.1006846749182588,0.03573084799616301,0.4986334179805247,0.00704865780699458,0.10709852825523519,0.035415852182494725,0.5402596612740592,0.006770914141049371,0.09882464472747599,0.030309702697997536,0.46767725853666875,0.006671346739000128,0.09593954955911048,0.030368203369158256,0.4511674293918261,0.006407490409456728,0.08850067393999124,0.025881238184822408,0.5162916533371215,0.007381044592022586,0.11743736722995592,0.04182155776893817,0.5083102369244084,0.006524187176462961,0.0917536760192664,0.027339451482795502,0.5161173756853557,0.006572392703212215,0.09311457339701923,0.028719676814045927
PRE: MARITAL STATUS: Widowed,PRE: MARITAL STATUS,Widowed,0.5064273748862785,0.005947134377124085,0.07624057296954678,0.02041434446423971,0.5361786231926771,0.006086012371520854,0.07984290133150412,0.023180876593665252,0.4875054359679596,0.005984020277770484,0.07718923936218942,0.022350208128905685,0.6517435547295426,0.00564561321847459,0.06870571931250517,0.0236869986097617,0.5188208512973969,0.006210474467659257,0.08314195065369465,0.02424047252530258,0.5089296904504041,0.006349668793672813,0.08691060905338696,0.02613006524591616,0.5311019155999185,0.006001309941099128,0.0776359303485264,0.022460585695173115,0.4685572351524542,0.005701314578164681,0.0700681510008943,0.019284566779757723,0.542533166370513,0.006119109701934981,0.08071367590930326,0.023568987292319096,0.4748322404140215,0.00640718120648559,0.08849213268301856,0.028178420034421833
PRE: SUMMARY: RESPONDENT 5 CATEGORY LEVEL OF EDUCATION: Bachelorâ€™s degree,PRE: SUMMARY: RESPONDENT 5 CATEGORY LEVEL OF EDUCATION,Bachelorâ€™s degree,0.4449504124867743,0.00662310294651325,0.09455699444272601,0.030070646849544063,0.6131623046685144,0.005701647296813033,0.07007632934658142,0.02038317342731563,0.5445299439329885,0.005732192311341673,0.07082917002955759,0.018882355059554233,0.45459405306783507,0.005962413005963241,0.07663281152940501,0.021366797278719766,0.5177727161625573,0.005985733018397613,0.07723343174788037,0.021572620971512357,0.4806849759406558,0.005964114867050441,0.076676564624865,0.02196384481619936,0.49647072211584253,0.006184520122360386,0.08244848162754874,0.023940463308554084,0.5064925788313267,0.005663978109351725,0.06915343871178423,0.018191418705480383,0.5006129915343827,0.005966471612180065,0.07673717473310576,0.021227122576851377,0.5244494345912607,0.006068362012790315,0.07938045983883044,0.022286971473546677
PRE: SUMMARY: RESPONDENT 5 CATEGORY LEVEL OF EDUCATION: Graduate degree,PRE: SUMMARY: RESPONDENT 5 CATEGORY LEVEL OF EDUCATION,Graduate degree,0.38529318742393676,0.006635094625955452,0.09489971104645833,0.0329518799601041,0.6831668179914858,0.0052913080736498325,0.060352705612657195,0.01874414695044942,0.5211218861979255,0.005708078867120387,0.07023451346962672,0.018580373068571646,0.47423881837983617,0.005683417680422489,0.0696289420053278,0.018701069516115155,0.5472488979725741,0.00566184038959084,0.06910124826464208,0.01838084520208449,0.48989712517647005,0.0058128796823836825,0.07283721233939926,0.02017582606326979,0.505571690473069,0.006021160992703029,0.0781503859525143,0.022223247224906362,0.4785044092107163,0.005682698938808791,0.06961133215980227,0.01869747300587809,0.4980674369167164,0.005814908044027858,0.07288805322800586,0.0200670868361376,0.5526942589376073,0.005815068563803583,0.07289207741389381,0.019812090106092455
PRE: SUMMARY: RESPONDENT 5 CATEGORY LEVEL OF EDUCATION: High school credential,PRE: SUMMARY: RESPONDENT 5 CATEGORY LEVEL OF EDUCATION,High school credential,0.5563574911336777,0.0054083166717807,0.06305142028908943,0.015829851087226295,0.39274372815865277,0.005737344305224446,0.0709565472768271,0.02110178365403535,0.4613360522347373,0.006486345431760343,0.09069237916927693,0.02768064866546577,0.5440358161621239,0.00652258748976709,0.09170868677034573,0.027895664502128117,0.48509374676642025,0.006463885553386475,0.0900653964615355,0.027925203147058878,0.5023075100684848,0.0065288221299864505,0.09188409075917403,0.0282145333725123,0.5072631903103679,0.006369980635576199,0.08746753198113026,0.026579589876970722,0.49854166343203865,0.006549644458955562,0.0924711160049785,0.02852490490256182,0.5139841359154634,0.00641071312801282,0.08858972112426096,0.027328061517208627,0.47248628012019733,0.00636658821659053,0.08737439276446947,0.026855999771948826
PRE: SUMMARY: RESPONDENT 5 CATEGORY LEVEL OF EDUCATION: Less than high school credential,PRE: SUMMARY: RESPONDENT 5 CATEGORY LEVEL OF EDUCATION,Less than high school credential,0.5379438096263919,0.004893107295866979,0.051610744789769944,0.012430779289583957,0.3353149734976218,0.005374456982228345,0.06226440329717583,0.019085709710212877,0.37818473178701817,0.006875809279196852,0.10191034967802264,0.03828505366912682,0.5274279645051089,0.006621024396609849,0.09449765349856917,0.030249022700862913,0.5054098001691814,0.006333085931006326,0.08645724848310554,0.024796727135783722,0.5187384694615944,0.006380337699390846,0.08775219321551504,0.027535966098933752,0.5448351474264606,0.005831761616750643,0.07331117403779928,0.02130697839810644,0.5412802947198637,0.007069922417958382,0.10774569935622821,0.0356939817097286,0.4984889724771603,0.006881848647662229,0.10208945425409824,0.03354326748580742,0.5355999367012654,0.006709300000630201,0.09703425394391216,0.03084331259836736
PRE: SUMMARY: RESPONDENT 5 CATEGORY LEVEL OF EDUCATION: None,PRE: SUMMARY: RESPONDENT 5 CATEGORY LEVEL OF EDUCATION,None,0.5217396187871045,0.006631397045481225,0.0947939698130841,0.03088471235689227,0.5275157732060015,0.006117364369751957,0.08066763911872507,0.022268439227670092,0.5201066305809907,0.005771114452771691,0.07179430949823706,0.0193708083893943,0.4568616354095268,0.005949476691293624,0.07630064040044948,0.02197983268457794,0.5115262191727411,0.006133392945483604,0.08109091986911007,0.02522234795234282,0.5373293299585412,0.006390142465631147,0.08802210081897055,0.0265176277046258,0.5561591489347215,0.006731414859345219,0.09767498708102028,0.03103694292561818,0.5760297181680637,0.005550307686114937,0.06640560944286406,0.016931939652723303,0.5448826982381131,0.00602045454361696,0.07813204861524321,0.020867987641090876,0.4662206085794029,0.006058512763532428,0.07912299218846638,0.02047586772847119
"PRE: SUMMARY: RESPONDENT 5 CATEGORY LEVEL OF EDUCATION: Some post-high school, no bachelorâ€™s degree",PRE: SUMMARY: RESPONDENT 5 CATEGORY LEVEL OF EDUCATION,"Some post-high school, no bachelorâ€™s degree",0.5270660257273708,0.00627343715561526,0.08483630637750446,0.024448187133237837,0.478840317959781,0.006013153687848705,0.07794266592327471,0.022026474091690024,0.5256946335639745,0.006066058039831366,0.0793201945766138,0.022630300132936706,0.4994033808689874,0.006084012731341105,0.0797904430599464,0.023163728335651473,0.47770182879845147,0.006286646936657984,0.08519395685931012,0.025752243448531466,0.5098420057821657,0.006198789845854019,0.08282939213249019,0.02357611858722634,0.47767260678016854,0.0062047512177215835,0.08298878267572737,0.023988154154451786,0.48977798800982475,0.006268719616364899,0.08470876285844177,0.025089931568617788,0.48480539732310673,0.006189604381387441,0.08258409821066845,0.023860242580487898,0.4764496413398961,0.006099602421079725,0.08019987742612826,0.023679921737232795
PRE: SEXUAL ORIENTATION OF R [REVISED]: Bisexual,PRE: SEXUAL ORIENTATION OF R [REVISED],Bisexual,0.3071025994091794,0.005427287968633116,0.06349453974457413,0.017471956848289002,0.401961013436505,0.005744164214157305,0.07112533784542266,0.022165041581093788,0.5172105761511472,0.00612297334544051,0.08081563431063181,0.023212912519437495,0.3265628786025609,0.005330451732487581,0.061248954319814704,0.017514954441577642,0.4873854442869045,0.005480465927353041,0.06474490714295149,0.017506446794005908,0.4527440493567555,0.005370224213998126,0.0621663666000737,0.01503109674684251,0.4610139436671012,0.005908392316321952,0.07525048400633227,0.019442671435139513,0.5444468644254862,0.005798891619304178,0.07248708445145881,0.01972481800880084,0.4218876554317427,0.006082987706406525,0.07976355938708124,0.023875048779092252,0.5332674903464709,0.005886826150581976,0.0747021444504897,0.02069801576660968
PRE: SEXUAL ORIENTATION OF R [REVISED]: Heterosexual or straight,PRE: SEXUAL ORIENTATION OF R [REVISED],Heterosexual or straight,0.5136568003398555,0.006193146991578879,0.08267865901746625,0.024084144838097916,0.5064528087801236,0.006209993242601234,0.08312906647225955,0.02438467632353361,0.5035691879765872,0.00619787725592163,0.0828050055321716,0.024285754616626583,0.506183235580193,0.006197266915620758,0.08278869777341472,0.02422434702228206,0.4991187850930429,0.006249083955329469,0.08417892338916655,0.024770548401838174,0.5041522945779779,0.0062286328483503045,0.08362884752037633,0.0245477291743447,0.5012520346374632,0.006223496613430471,0.0834909808920086,0.024575142921409394,0.49719180798153717,0.0062250095285946334,0.08353157868848815,0.024494960540913515,0.5037339533702412,0.006206851667675765,0.08304497938152564,0.02435399278463858,0.4961376963174549,0.006201804249991204,0.08290996978625077,0.024283644010675263
PRE: SEXUAL ORIENTATION OF R [REVISED]: Homosexual or gay (or lesbian),PRE: SEXUAL ORIENTATION OF R [REVISED],Homosexual or gay (or lesbian),0.27355391517613126,0.0045816949310276255,0.04525045865147839,0.01083511656012702,0.4525437099551852,0.006515727817097306,0.09151589187972976,0.027731753276110733,0.47525614371415664,0.006091405653034525,0.07998447384829128,0.022009495840949043,0.42461797708218063,0.005688015839190037,0.06974165392009286,0.018895514034072972,0.4714589760373837,0.005890852782968891,0.07480437303362336,0.020584720217439456,0.421869299068949,0.00600032621215815,0.07761048042081975,0.01971688959048625,0.4490171876631932,0.006167935473686342,0.08200688044714768,0.023607027992726334,0.513413298125766,0.005521351972414442,0.06571454642988582,0.016977643173922766,0.4852900462690011,0.006322643070091474,0.08617235841521113,0.027082012583259266,0.5510867720141044,0.0065138313975548695,0.09146262775507073,0.02884361774203246
PRE: SEXUAL ORIENTATION OF R [REVISED]: None,PRE: SEXUAL ORIENTATION OF R [REVISED],None,0.5083564858748527,0.00538874255661844,0.06259584698082675,0.01689858372767162,0.5160108981358098,0.0058409076337165135,0.07354130382226948,0.020954150962373116,0.43456261791753914,0.006373890304516381,0.08757493388920545,0.024443106748305264,0.5592789370666256,0.0059250489271836,0.07567536601999249,0.022361523710045194,0.5852502460402887,0.005488880266010101,0.06494386971139253,0.016309398684412377,0.44383890112227536,0.006120330335741202,0.08074588048570647,0.0224909595472199,0.5901474566512342,0.006060960428146353,0.07918693714550049,0.02356198461207025,0.5226250111633839,0.006500215675167753,0.09108066263214368,0.02905864339753147,0.4943663335451457,0.005913186681090575,0.07537265756109193,0.020166341312089497,0.49554696639561274,0.006858391682499744,0.10139469106477375,0.03284034607468293
PRE: SEXUAL ORIENTATION OF R [REVISED]: Something else,PRE: SEXUAL ORIENTATION OF R [REVISED],Something else,0.39978321566613456,0.0054723477276499306,0.06455323628904577,0.01609866403605716,0.33892327949866696,0.005516149050293626,0.0655907555270496,0.016141593057204997,0.32634629165295204,0.006524812046842967,0.0917712527375644,0.03442173109888604,0.5369239654659278,0.007478199201660475,0.12054930402431285,0.03919969616064365,0.5545778730576809,0.006458371878028956,0.08991181095713503,0.029152602571878745,0.5254798706769408,0.006907421407859989,0.10284958715672916,0.0346756814596597,0.5012317160894217,0.006125466699053368,0.08088146604613315,0.027708686136950215,0.5480819446212001,0.00722039845228871,0.11238102196902824,0.03799508132346713,0.44660997473028624,0.00673113056476823,0.09766673684438264,0.030931241629576025,0.6042547247950836,0.006045692939092216,0.0787884976572584,0.02458018889443465
"PRE: SUMMARY: TOTAL (FAMILY) INCOME: $10,000-14,999",PRE: SUMMARY: TOTAL (FAMILY) INCOME,"$10,000-14,999",0.47170768751897296,0.004785751165756911,0.04937088086390274,0.011574958358104263,0.28665825844219245,0.005520003933646939,0.06568246191779267,0.020584634108104172,0.35732230836135814,0.006016549869676144,0.07803073359347955,0.027507413030980737,0.5109169166596557,0.007007600411441462,0.10585449562522209,0.03390936931808544,0.5616612963453307,0.00605818644258499,0.07911446904245889,0.023115503143700773,0.4798257576302658,0.006764768296731424,0.0986453232287767,0.03268876134302779,0.4974698068395853,0.0059952949865263025,0.07748038344970322,0.02230948576348731,0.5539175100124404,0.006475161001429515,0.09037988638282227,0.029737147894938525,0.5031038890281587,0.0065499107420638305,0.09247863519075936,0.02780341658209293,0.4492609379183509,0.006291384739317237,0.08532241460601704,0.027287407096832857
"PRE: SUMMARY: TOTAL (FAMILY) INCOME: $100,000-109,999",PRE: SUMMARY: TOTAL (FAMILY) INCOME,"$100,000-109,999",0.5201989569100202,0.006691345609966579,0.09651561271099106,0.02907035833077624,0.5640600285377981,0.006018272266988869,0.07807541673133712,0.022587811623377873,0.5154874119831376,0.005967338099103703,0.07675946482043108,0.020713106644071364,0.456580835794373,0.00626154687833499,0.08451502436182848,0.024901013814264926,0.4986146858213793,0.00588396093926224,0.07462944471833703,0.021086144464572264,0.44225888173485634,0.006414055890364069,0.08868213255674966,0.026750683139269843,0.5063857883179833,0.006188575008758538,0.08255663191841689,0.024898633891479668,0.4996611710482731,0.00596644466100823,0.0767364814750981,0.021782734211407275,0.47615828205111765,0.005885901736757712,0.07467868519712442,0.021209518616793658,0.5052749810656386,0.00617528815881456,0.08220251484318294,0.0242564649663421
"PRE: SUMMARY: TOTAL (FAMILY) INCOME: $110,000-124,999",PRE: SUMMARY: TOTAL (FAMILY) INCOME,"$110,000-124,999",0.5089410975833762,0.006678998490097964,0.09615975293822784,0.028834424428431298,0.5888674546054035,0.005443050210673457,0.06386388429516292,0.017434565039750754,0.5550856995454416,0.005499029963484571,0.0651842721388189,0.016739348330485692,0.49531484899855976,0.006230810463908646,0.08368733332882189,0.02529057539077115,0.41894411055663217,0.005942356762808696,0.07611812685654505,0.022364783233425778,0.4824657373557353,0.005822934096478119,0.07308940020047405,0.020191209408401724,0.4704302164602982,0.006519131687064049,0.09161153416922416,0.028539900711817057,0.4801444253241535,0.005722595593786067,0.07059220709820267,0.0182765314021632,0.5332267400401461,0.0060245343757548584,0.07823797870682746,0.020981162120897522,0.4837352725520101,0.005969330389987994,0.0768107281167594,0.021668510954999557
"PRE: SUMMARY: TOTAL (FAMILY) INCOME: $125,000-149,999",PRE: SUMMARY: TOTAL (FAMILY) INCOME,"$125,000-149,999",0.48893442864899517,0.0069409543995644155,0.10385060493422368,0.03411119492665935,0.6086200393326651,0.00616998994562451,0.08206152073801881,0.025948359845050558,0.5619530024319898,0.005575822914701259,0.06701755708418573,0.01700824429929415,0.4738562350627968,0.005706918890905428,0.07020597073609895,0.019079914338116587,0.499530539144618,0.005918378165088766,0.07550506255215268,0.021703174212083322,0.5175575352916839,0.005865782345003461,0.07416901926682784,0.020841057610665126,0.480598294274128,0.005648474978992929,0.06877539080449475,0.018698224267966065,0.46924163066911395,0.005779973506380208,0.07201489698311137,0.02002855428838642,0.46996417363623344,0.00586299051113592,0.07409843420568257,0.020286702133065736,0.5192799986129136,0.006076678454948672,0.07959818428063864,0.02230611106143549
"PRE: SUMMARY: TOTAL (FAMILY) INCOME: $15,000-19,999",PRE: SUMMARY: TOTAL (FAMILY) INCOME,"$15,000-19,999",0.47023549041957635,0.004763145664857519,0.04890557558025529,0.012080589138967566,0.2706202358745747,0.0052498062951560785,0.059409679145836475,0.01764608456838367,0.3901380055565374,0.005951023478807341,0.07634031993057983,0.021310184908113962,0.5551070884912687,0.006379056722753897,0.08771696084050583,0.027632533798482267,0.5398745904047764,0.006470256059405359,0.09024301250445638,0.02710390226925141,0.41774858274175863,0.006055090272855316,0.07903362331988675,0.025965268618659287,0.47721997517984444,0.006082256934015828,0.07974439594024979,0.02196707893900895,0.41562181782937907,0.006657998051050339,0.09555600305292927,0.02893310000434854,0.5010301447231124,0.0067604755523970805,0.09852016748779593,0.031260023033859184,0.542341243890391,0.006205102944877096,0.08299819167047091,0.02487289002901998
"PRE: SUMMARY: TOTAL (FAMILY) INCOME: $150,000-174,999",PRE: SUMMARY: TOTAL (FAMILY) INCOME,"$150,000-174,999",0.45673964078532775,0.006711161965751813,0.09708811931490764,0.029228632488802968,0.6229067109884832,0.005589076229288201,0.06733652717297174,0.019515499913674097,0.5536798749601692,0.00586269562442478,0.07409098063944573,0.01902652414946675,0.47586080702789774,0.0058258964304755785,0.07316378547977853,0.020010300441450416,0.4790425725842485,0.005929212288905864,0.07578175319730171,0.021258057506159063,0.4631984075467311,0.00568248724632052,0.069606145919321,0.01835391986041526,0.49619185311130176,0.006009187529366262,0.07783988091806401,0.022263358705277708,0.4859174600077716,0.005752355512509994,0.07132833492113468,0.019287271937981364,0.5023287580595538,0.006071071163694212,0.07945135265906503,0.023036988483940063,0.5009531158084444,0.005690651269348831,0.0698062957365528,0.018027083593742364
"PRE: SUMMARY: TOTAL (FAMILY) INCOME: $175,000-249,999",PRE: SUMMARY: TOTAL (FAMILY) INCOME,"$175,000-249,999",0.4167463565727935,0.006576576417688521,0.09323315693172943,0.030635140693987397,0.6583046110619675,0.005111144950991925,0.056312789826467036,0.016330691082183765,0.5446458193153324,0.005768858207514994,0.07173818380290892,0.01951972432203142,0.46243710142604916,0.005895572762915757,0.07492429339233019,0.01947076234049802,0.48342836722054183,0.00579023245573585,0.07227076418751885,0.017765883627669392,0.44838714228976956,0.005699605708069756,0.07002615387142115,0.01800785996040617,0.49257055973818026,0.006118623746389795,0.0807008564951032,0.023285380227603746,0.5295518178240262,0.0055289309983890525,0.06589507978074571,0.01700280913129429,0.47915115894448634,0.005883979192011509,0.07462990773794902,0.02024558522203302,0.528193755733989,0.005925272172527345,0.07568106875479821,0.02195165627706325
"PRE: SUMMARY: TOTAL (FAMILY) INCOME: $20,000-24,999",PRE: SUMMARY: TOTAL (FAMILY) INCOME,"$20,000-24,999",0.49242376943732913,0.0054621132577594685,0.06431200514290865,0.01726415033170999,0.3535490892071479,0.0057716220565471035,0.07180693952508702,0.022511302416250805,0.4243858165232456,0.006796329464173618,0.09956793407176576,0.032263348608764904,0.520055488783758,0.006331233631614319,0.08640668189013584,0.02645674201379626,0.5836388544743285,0.0063574915888098445,0.08712488879635047,0.026247300745067655,0.5250648683902172,0.006616757890686235,0.09437590650781404,0.029233119798039147,0.5092536721908647,0.006401872279578279,0.08834554602843296,0.02579882375181393,0.4771798707371243,0.006639886180721906,0.09503682479574709,0.02911850722330125,0.48407308274014915,0.006777181466449058,0.09900767846367109,0.03246989599598682,0.5055098706403847,0.006387684084304817,0.0879543870659336,0.026697346155986075
"PRE: SUMMARY: TOTAL (FAMILY) INCOME: $25,000-29,999",PRE: SUMMARY: TOTAL (FAMILY) INCOME,"$25,000-29,999",0.49472295019129314,0.005329790089854749,0.061233750203409945,0.01681220812789062,0.3710491571660156,0.005640214129621906,0.06857437099168368,0.020024567182269342,0.4763708023552781,0.006584603814833534,0.09346089741318113,0.029703147968200293,0.5711959228011158,0.006316026509333554,0.08599209636214826,0.027528065996804747,0.528642433926902,0.006751973377051421,0.09827251951843223,0.030826106208451685,0.4815796472171509,0.005905130610310326,0.07516742343945164,0.02101324110546735,0.4641187936260563,0.0063962340444921615,0.08818999977964667,0.02654006364474207,0.5010865808202535,0.00680604338918842,0.09985276035980595,0.0318292637292949,0.4810672124310213,0.0062367072050789245,0.08384580903877825,0.02577458777144348,0.4607182024960666,0.006620397951606939,0.09447977264545648,0.03174692415617269
"PRE: SUMMARY: TOTAL (FAMILY) INCOME: $250,000 or more",PRE: SUMMARY: TOTAL (FAMILY) INCOME,"$250,000 or more",0.47060309633577657,0.006504339599477576,0.09119626769092697,0.02884087455945842,0.6313905428524693,0.005784505271786052,0.0721278672439675,0.022209920154619336,0.5088485811925225,0.006180173942619635,0.08233264078528583,0.02371501079404395,0.50460228766843,0.005852097975605455,0.07382336295203054,0.020329651856357527,0.4774921398104104,0.005961546486450283,0.07661053900275804,0.0211188868596207,0.48820693235862106,0.006475702169964182,0.09039499420625727,0.027560701546743737,0.5265477513845809,0.006074597874462753,0.07954368671962324,0.022323063906058108,0.49723307900259883,0.00612866047138119,0.08096583001154344,0.022738027386013295,0.5401588352525284,0.005915297858345226,0.07542648757017192,0.021680009081839452,0.5587159126558846,0.00617077072154204,0.08208229085714662,0.02425312676408692
"PRE: SUMMARY: TOTAL (FAMILY) INCOME: $30,000-34,999",PRE: SUMMARY: TOTAL (FAMILY) INCOME,"$30,000-34,999",0.5266345771773997,0.0054223440768985335,0.06337891398208854,0.016776789589275296,0.35137938099872146,0.005295981858659658,0.0604593711648466,0.015995126203461572,0.4166039791689563,0.006525825630112464,0.09179976697845164,0.029969132593201008,0.5334714652700824,0.006422120989263366,0.08890529239530952,0.02638930983620709,0.5031970345299027,0.006616643756456401,0.09437265070529514,0.029346209070055366,0.536515770111449,0.006391811304472555,0.0880680822295339,0.02696918351942502,0.5032889331399386,0.006142362048748345,0.0813282582003667,0.023447101397584876,0.48136023349844775,0.006627806394454376,0.09469134289649142,0.030571888652798057,0.5075935989226492,0.006584962947932865,0.09347109265591265,0.030672080526311502,0.48249983607931174,0.0058868212509621464,0.07470202010098573,0.022806489868432017
"PRE: SUMMARY: TOTAL (FAMILY) INCOME: $35,000-39,999",PRE: SUMMARY: TOTAL (FAMILY) INCOME,"$35,000-39,999",0.5001497745465925,0.005736194310274674,0.07092810502593537,0.018316503683826143,0.4589555344257331,0.005867347029231952,0.07420859338194054,0.02066735229804672,0.490286631146126,0.005979030439434183,0.07706056291317169,0.022991336527285574,0.5225421849777508,0.006541888446228028,0.09225223923907923,0.030270706583626565,0.49801628849052904,0.006708427830888656,0.0970090278131829,0.03023746745314834,0.5764782589538482,0.006100821634066817,0.08023194197649487,0.024237097859795803,0.4934361383346363,0.006605497701116562,0.09405496794878455,0.028837345101549408,0.4800202565889971,0.005987742946924726,0.07728530834843332,0.02211003911261194,0.4856386964123035,0.0061455478334735214,0.08141264316865883,0.02385860775324906,0.4509338286721652,0.005852272223659013,0.07382775924507402,0.021014860179967367
"PRE: SUMMARY: TOTAL (FAMILY) INCOME: $40,000-44,999",PRE: SUMMARY: TOTAL (FAMILY) INCOME,"$40,000-44,999",0.4807500194354834,0.005471315392570783,0.06452888320043364,0.01759607252707723,0.40107987053114585,0.005798416916384784,0.07247521721045648,0.02206775124330843,0.45619523415120156,0.006181555735056111,0.08236946154133809,0.023047660942398938,0.5237553713743566,0.006293867007745165,0.0853897558754776,0.024483531401530517,0.4852850726609472,0.006224665115338463,0.0835223357830724,0.024944472521782723,0.5252593309271957,0.0062335240764666315,0.08376024341062943,0.02398904406615732,0.4993209534817183,0.006275722151821934,0.08489811808834279,0.024500213957379457,0.552719140700221,0.006455769247817866,0.08983935924664323,0.026665417692455836,0.4821426665799713,0.00639520441872411,0.08816160951525019,0.02628217718498295,0.4639665717084572,0.006394841796564126,0.0881516118842722,0.027257903285490548
"PRE: SUMMARY: TOTAL (FAMILY) INCOME: $45,000-49,999",PRE: SUMMARY: TOTAL (FAMILY) INCOME,"$45,000-49,999",0.5321323610027109,0.005922912569629609,0.07562080427856797,0.021368890865899336,0.46327622510000177,0.006216101421978397,0.08329267920122174,0.023432884701510625,0.5122022769941277,0.005981574324556801,0.07712615044427262,0.022503662726299962,0.5403176027748644,0.0066414473621482385,0.09508152049206542,0.029311969959624942,0.5120908254829052,0.006491526085189982,0.09083730929160325,0.028124900353129867,0.514328011862923,0.006227139960643473,0.08358876375897721,0.025927634614824252,0.5281086546399396,0.006493877949533316,0.09090314149378653,0.027161752173821625,0.5190366484762655,0.0069107692359027945,0.10294930777702715,0.03345619729669892,0.5086234226498147,0.006331822150712222,0.08642274648320188,0.02523959878359599,0.4674450900908285,0.006328428163991598,0.08633012257975016,0.026831888434024675
"PRE: SUMMARY: TOTAL (FAMILY) INCOME: $50,000-59,999",PRE: SUMMARY: TOTAL (FAMILY) INCOME,"$50,000-59,999",0.5198033475985816,0.0062343539290912785,0.08378254645582016,0.02386508811119678,0.42632947421594153,0.005988073747351767,0.07729384803340161,0.0228206614642391,0.5212143164312237,0.006365018823156954,0.08733132169008728,0.0252234302802424,0.5233122627745359,0.006193204971356911,0.08268020708753256,0.024397062033486867,0.4910747040269477,0.006418548876320822,0.08880641807511724,0.027940387527153675,0.5614495798443259,0.0062355537786141476,0.08381479875431933,0.02471760087243868,0.5150872992646861,0.0063986587251557755,0.0882568744798119,0.02724979769568455,0.5140946030462472,0.006322795044893926,0.08617650104492904,0.026710644386907435,0.492320517157032,0.006170776004840827,0.08208243141185942,0.023377094334185618,0.4911847899198379,0.006212733446131568,0.08320244523762035,0.02421183922989325
"PRE: SUMMARY: TOTAL (FAMILY) INCOME: $60,000-64,999",PRE: SUMMARY: TOTAL (FAMILY) INCOME,"$60,000-64,999",0.5004535735189706,0.006022510577495805,0.07818542317960772,0.02311991092931621,0.481850549544748,0.005945185092100297,0.07619060259993435,0.021187313210882543,0.5007694513680044,0.005898392312143145,0.07499597540108591,0.02060588529474976,0.4676605414455516,0.0062830473333094355,0.0850964242125334,0.02493395565746401,0.4517551584055705,0.006000758541351386,0.07762166464113486,0.02156745422051864,0.5220097325284906,0.005938785715098606,0.07602666826589996,0.023118232450161046,0.4923136028427339,0.00621330161113004,0.08321766394261271,0.023548660280454964,0.4663565387487473,0.006485210290922114,0.0906606387644069,0.028073338795953414,0.526278546749633,0.006064755477945968,0.07928613345532254,0.02447716726404675,0.4727139854014244,0.006315384840752494,0.08597462473707417,0.024925685390961443
"PRE: SUMMARY: TOTAL (FAMILY) INCOME: $65,000-69,999",PRE: SUMMARY: TOTAL (FAMILY) INCOME,"$65,000-69,999",0.5423825086871966,0.006712509762934403,0.09712711948629506,0.029704703941854975,0.47369662552981356,0.005816301139010929,0.07292298143104121,0.019331261837825495,0.5608297827231917,0.005928474579992256,0.07576289693300424,0.019067240537751894,0.45885441406227784,0.00660692111380692,0.09409550795523482,0.027159103042564473,0.4808583074687036,0.006004933068428472,0.07772969979978982,0.022269058148925602,0.5709723415258583,0.006754966409706487,0.09835966383479196,0.03299527467776699,0.4794672465860782,0.006376707816043097,0.08765237416792364,0.02829825691951087,0.4980688368617565,0.006262592338878106,0.08454324885691601,0.025247423032875443,0.465571877678629,0.005935614427546985,0.07594549407832497,0.02134782851977781,0.4603050991352832,0.006413543187374922,0.08866795563718019,0.02755633761331936
"PRE: SUMMARY: TOTAL (FAMILY) INCOME: $70,000-74,999",PRE: SUMMARY: TOTAL (FAMILY) INCOME,"$70,000-74,999",0.5115956219896884,0.006201942731443797,0.08291367245752963,0.024486075796714416,0.46780592772647156,0.0057655589648699665,0.0716561523204306,0.019351897954028023,0.5329181239308686,0.0060635973350100306,0.07925585493604423,0.024721962750955166,0.48646652508982574,0.006703307100679395,0.09686098494008438,0.031383750902513385,0.5190349559959401,0.005988176293063175,0.07729649536903442,0.022985395880745076,0.5035904261625568,0.006057102220402908,0.07908615364235054,0.022602128843111115,0.5010148555255816,0.0064239552528106035,0.08895608528003664,0.02602992837647265,0.48335149649651094,0.006129790940852617,0.08099570206631532,0.02097568457529752,0.5258625730814176,0.006165612803653011,0.0819451291331725,0.023241837742162583,0.46212312658861887,0.006164958238656698,0.0819277308411851,0.02151284300362667
"PRE: SUMMARY: TOTAL (FAMILY) INCOME: $75,000-79,999",PRE: SUMMARY: TOTAL (FAMILY) INCOME,"$75,000-79,999",0.543990411590024,0.006184136118773286,0.08243824331345105,0.0250174862398014,0.5305397829395131,0.00547144320274451,0.064531898030876,0.015429281881410196,0.5341331623799832,0.005772393188573976,0.07182612869907533,0.01895058795161284,0.5584685229023895,0.005672997337755839,0.06937385172895087,0.02026444522971918,0.4331313194638067,0.006545086092161723,0.09234244624734629,0.02845963511871615,0.5367613732677768,0.005998060937707542,0.07755189165547303,0.022304300534957622,0.5539817587014538,0.006471507360867313,0.09027792059202522,0.027734035665841077,0.48318902967665256,0.00607471229159356,0.07954668321299058,0.022576703971754243,0.504064265459333,0.006328561805742347,0.08633376880287083,0.02527496143588632,0.5091605180299055,0.006425279317553791,0.088992759182634,0.0275319428952108
"PRE: SUMMARY: TOTAL (FAMILY) INCOME: $80,000-89,999",PRE: SUMMARY: TOTAL (FAMILY) INCOME,"$80,000-89,999",0.4814801211702429,0.006162858918427911,0.08187194351801223,0.023321658262588755,0.45289733792878417,0.006421989365191952,0.08890164812991638,0.02651236931484363,0.5140476611822619,0.0063560049257862135,0.08708414624736828,0.025801714729688147,0.4827058136509109,0.005918729400444759,0.07551402474879568,0.021493484196141853,0.5188100899412322,0.006306089644659522,0.08572173028727811,0.025057610702025824,0.5084664194980171,0.006170205082145272,0.08206724351488066,0.023768451655636867,0.45111244908949055,0.005619909827943804,0.06808153561221623,0.019386525046922932,0.5054757948638572,0.006075067786073888,0.07955599368989373,0.022636625499422535,0.5173813673504172,0.006284239849623671,0.08512872971623846,0.0243034916903658,0.5377972979912543,0.006267437230457286,0.08467410882403269,0.025537187969128648
"PRE: SUMMARY: TOTAL (FAMILY) INCOME: $90,000-99,999",PRE: SUMMARY: TOTAL (FAMILY) INCOME,"$90,000-99,999",0.4945634069624157,0.006710614727777058,0.09707228654559101,0.03065163577547898,0.5082185126911355,0.005814377019339664,0.07287474137917366,0.020471059747195097,0.5497099060913574,0.0061056442756243735,0.08035883728766488,0.02268308246731705,0.4914479850646783,0.005706775164779619,0.07020243457050278,0.019216940719968982,0.5037035631293832,0.006411030730604065,0.08859849924968834,0.025804897793912263,0.4867571653927467,0.005831400033648755,0.07330208338503548,0.0194734169810314,0.4964347636222576,0.006338443974521468,0.08660360293498125,0.024913101679963936,0.5176205054803138,0.006121054919196927,0.08076500056231213,0.02304476747164641,0.451129876159703,0.006386144352976231,0.08791198991496549,0.027980268766185493,0.4925846474789473,0.005980968047508063,0.0771105166185915,0.02289176647445778
PRE: SUMMARY: TOTAL (FAMILY) INCOME: None,PRE: SUMMARY: TOTAL (FAMILY) INCOME,None,0.5610369757857148,0.00595106604590118,0.07634141204429636,0.021346310196407692,0.5326635298212892,0.005899503469161059,0.07502423400077471,0.02111858769092034,0.5109969195224435,0.0059825368566551775,0.07715097413259185,0.022538291615507616,0.5286716147274648,0.006171588037028169,0.08210403581359052,0.024400380267832505,0.565610742674264,0.0057682666454304055,0.07172347190943974,0.019774887220757667,0.522170403528911,0.006176692313716052,0.08223990198496677,0.024340409874159738,0.5115888471892724,0.0061870242592873955,0.08251526258453055,0.02520592738037804,0.49787590661353526,0.006335949222018376,0.08653544360832728,0.026311319587924292,0.5229099418752848,0.006344788961357908,0.08677707571656332,0.025005422999988425,0.47114485547761875,0.006334860407851838,0.08650570444287461,0.02557049823751695
"PRE: SUMMARY: TOTAL (FAMILY) INCOME: Under $9,999",PRE: SUMMARY: TOTAL (FAMILY) INCOME,"Under $9,999",0.5328602344606697,0.004712948346674276,0.04788020577508141,0.01071270806141237,0.3149202931542383,0.005393311226852862,0.06270203168318571,0.02008499219673157,0.30227468265025936,0.006309908660005346,0.08582558917655703,0.03453438546561156,0.4989103006700939,0.006685495770173945,0.09634693092215446,0.030338881057159015,0.5518748714805224,0.0066249584324326715,0.0946099828228083,0.030500695647204073,0.4852913634479211,0.006673321082485154,0.0959963433851617,0.03052128419418109,0.5296050914187858,0.006274654003254518,0.08486922066947121,0.024907524568254475,0.5452169737579454,0.0067673104864833114,0.09871947868813315,0.032194146957036596,0.5004490424475566,0.0067178755188193945,0.09728246189338094,0.03083015274934502,0.5490793043774798,0.00666052020517314,0.09562841299171873,0.03022456340380337
PRE-POST: SUMMARY: 2020 PRESIDENTIAL VOTE: Donald Trump,PRE-POST: SUMMARY: 2020 PRESIDENTIAL VOTE,Donald Trump,0.7901391798308437,0.0032635107410857304,0.022958353630328898,0.0035628864590834582,0.570000479287866,0.005879768030814567,0.07452312078414416,0.021312479658263075,0.5554277520614782,0.006061050362655911,0.07918928716618666,0.021978601310788874,0.503177460200868,0.006196460850020755,0.082767162867033,0.024194437813492353,0.4972359263352298,0.006670072387873982,0.09590290058828772,0.029769093190873865,0.5539566152171447,0.006258805663859733,0.0844410416540599,0.02563362335968839,0.4459879294978805,0.006445301676144673,0.08954825914685866,0.028083548075572274,0.4808487729180057,0.006388489450749012,0.08797656724157736,0.025535542869409317,0.4768253491604789,0.006238709276068491,0.08389964905400137,0.02438491495924609,0.5253159311844036,0.006300046455464233,0.08555751301619391,0.02558573269032893
PRE-POST: SUMMARY: 2020 PRESIDENTIAL VOTE: Howie Hawkins,PRE-POST: SUMMARY: 2020 PRESIDENTIAL VOTE,Howie Hawkins,0.3214281670737749,0.005204138076594242,0.058380561786795036,0.018847351265606126,0.4301549263046928,0.005373748565703443,0.062247990020335375,0.013047535881267171,0.5081081140349025,0.005665726758400568,0.06919614500732132,0.016247576921318157,0.2884447908976758,0.005707330662040326,0.07021610223988471,0.023760676281062022,0.522686785010515,0.004210368868494584,0.038212982897751456,0.01031719556417427,0.6583924281539345,0.00659842066504748,0.09385353760778954,0.04364470108170365,0.43317077569755486,0.004571192795265762,0.045043250702691086,0.01232007612483422,0.4220471174550299,0.004921606332336375,0.05221369084441836,0.008288065297211294,0.5302712385264327,0.006104491784895517,0.08032850336382036,0.024863481956060907,0.3766878402677219,0.0064583867906958005,0.08991222617832559,0.03369308512330852
PRE-POST: SUMMARY: 2020 PRESIDENTIAL VOTE: Jo Jorgensen,PRE-POST: SUMMARY: 2020 PRESIDENTIAL VOTE,Jo Jorgensen,0.5567829799356865,0.005284769530998971,0.06020364042260074,0.01451750058356355,0.5165597522011748,0.006091198433254927,0.07997903205568395,0.02547986313717127,0.7102665340690217,0.004899706136548041,0.051750043075558375,0.011061455536768574,0.2587209035819033,0.004953595057495564,0.05289463820680628,0.01323390289171475,0.5003405815472065,0.005888456771393707,0.07474353440793047,0.018635290814820845,0.35037180198210305,0.005342623388756945,0.061528987758714106,0.017319954442965566,0.5228745311777777,0.005653765554327628,0.06890428640578451,0.01840589298313053,0.5984328897493748,0.005984399490866281,0.07719902278421445,0.02251758535616022,0.49518588544616043,0.00650161436075919,0.09111986345955699,0.029000421849421917,0.5036068535545514,0.0059447543510664225,0.07617956266440816,0.02015458260776338
PRE-POST: SUMMARY: 2020 PRESIDENTIAL VOTE: Joe Biden,PRE-POST: SUMMARY: 2020 PRESIDENTIAL VOTE,Joe Biden,0.25711280225500677,0.003783637301605778,0.030859553994602166,0.004871520284953897,0.5295286666226534,0.006239096765317402,0.08391007147318127,0.024835685866284696,0.5110225868431411,0.005594704891081691,0.0674722223654271,0.017564049018787574,0.5293433623911455,0.006174902294957335,0.08219224228985346,0.02399959676673763,0.5170954505307537,0.005709783920525849,0.07027647907132466,0.01890710167013038,0.4765282349805176,0.005852941566299194,0.07384464803333883,0.020559602178582586,0.5437868797947601,0.005889581229224634,0.07477208313658165,0.02088159343622795,0.5040121023067327,0.005738226986232096,0.07097838205306935,0.01910728987291364,0.5135923212917616,0.005877779616661526,0.07447272499602525,0.02036073587957762,0.4872250888973594,0.005982156455796927,0.07714116312284156,0.02155161163088072
PRE-POST: SUMMARY: 2020 PRESIDENTIAL VOTE: None,PRE-POST: SUMMARY: 2020 PRESIDENTIAL VOTE,None,0.5200735598966493,0.00455597741314961,0.044743893534818585,0.009563879747986144,0.3682689065433264,0.005647956288892866,0.0687627603240308,0.021581137427503876,0.4056198896074475,0.006775130491867744,0.09894776225614883,0.03420517928405947,0.4663299581432579,0.00614604215023691,0.08142574053730933,0.02362872378865537,0.4768135745492135,0.0064056204408752095,0.08844902522255475,0.027149630502174706,0.47206170304105527,0.006489839123617045,0.09079010339981922,0.02786311274238072,0.4974444395751736,0.00621785221448252,0.0833396053129667,0.024415858947974572,0.5149270180987618,0.006683466251002003,0.09628844363253183,0.03127051662614857,0.505252900038554,0.006634563607784849,0.09488452167622244,0.03028929234566873,0.4922987648743425,0.00644766027795791,0.08961380994401195,0.02761294865805389
PRE-POST: SUMMARY: 2020 PRESIDENTIAL VOTE: Other,PRE-POST: SUMMARY: 2020 PRESIDENTIAL VOTE,Other,0.46505488474794504,0.004697000957758677,0.047556725713111536,0.009390209551397483,0.44607875911428735,0.006254302381825376,0.08431957278447078,0.029925090831994038,0.5210724760800456,0.007601561677827126,0.12455933919140037,0.043462820641392515,0.2999373849333743,0.005555984743360417,0.06654152307732498,0.027140666437804,0.48689640791137895,0.005439290268062534,0.06377568316009241,0.016646953315371284,0.550838507935668,0.006690444274688189,0.09648961283811736,0.029714530182331344,0.5347278130312578,0.006013083177796399,0.07794083802745995,0.022068471965695946,0.49394344735541007,0.006292624680192674,0.08535604954622557,0.024679355872309985,0.5771194546923615,0.006535214860698643,0.09206411643927119,0.028984186012126493,0.40221714028212274,0.005301793487008543,0.06059213603982068,0.01991274159048316
PRE: WHAT IS YOUR (R) SEX? [REVISED]: Female,PRE: WHAT IS YOUR (R) SEX? [REVISED],Female,0.4767629940487233,0.0060502714434508015,0.07890787853826374,0.022712730362264857,0.4802369716218962,0.006174698059484392,0.08218680534751305,0.023983302219423012,0.47450352338318097,0.006106733033193151,0.08038749899446675,0.023137021971314564,0.5169297720620435,0.006132081442760355,0.08105624425230964,0.023607163625781427,0.5050069706620363,0.006272744403355451,0.08481757109839248,0.025123472722562133,0.48518693462796125,0.006270985738580983,0.08477001782522896,0.02536876608426497,0.43977293076661267,0.0059984708016975,0.07756249068541811,0.022553152587833688,0.49346878860785065,0.006179513957966258,0.08231505701548085,0.024261870509201904,0.5216774129476891,0.006126829794715766,0.08091746703929417,0.023671062203459502,0.48190046102205947,0.00618228235782913,0.0823888272307547,0.02440055579615794
PRE: WHAT IS YOUR (R) SEX? [REVISED]: Male,PRE: WHAT IS YOUR (R) SEX? [REVISED],Male,0.5244939309008163,0.006354745484138919,0.08704963823939743,0.02610764387579411,0.5214003142560276,0.0062415935881616055,0.08397724481983498,0.02473297906406177,0.5272581538494974,0.006287064607702265,0.08520527743490992,0.02565474825991969,0.4818465508317606,0.0062856164696918635,0.08516603025099587,0.025277530985959685,0.4933348563004554,0.006165096579681271,0.08193140778203473,0.023972112746130637,0.5164479514558933,0.006143772870898671,0.08136562261631251,0.02343703856633268,0.5632568200031914,0.006155656882367355,0.08168070105659178,0.02421554551016422,0.5059506550261557,0.006250396570734231,0.08421429054282802,0.02452227133583143,0.47658293339315005,0.006275446628543759,0.0848906636811005,0.02532161453144365,0.5196085354742821,0.00622066351906049,0.08341498374648966,0.024477200154185405
PRE: WHAT IS YOUR (R) SEX? [REVISED]: None,PRE: WHAT IS YOUR (R) SEX? [REVISED],None,0.5536473131990753,0.005831423892249567,0.07330268320281984,0.021248630626583023,0.4997397582544335,0.005369049615905151,0.06213917499425958,0.01561691532264329,0.5279747489858829,0.005850831167251818,0.07379140520590584,0.023143779598077424,0.48577825080591863,0.00625153076019437,0.08424485616395647,0.024244223521683587,0.6004657273082691,0.004939970937352862,0.05260408078845654,0.012840124869479858,0.46688508896411673,0.005945220271362287,0.07619150428324906,0.021604497746534747,0.6574588113775491,0.005182607745312233,0.057898502044248144,0.014809270133440732,0.590484646802344,0.006394541699082933,0.08814333851119685,0.028887239262958702,0.49574487772092063,0.006283176238973987,0.08509991599703179,0.02774551129450303,0.4989926241377689,0.006855838118123456,0.10131920115927545,0.03575414912301458
PRE: SUMMARY: R SELF-IDENTIFIED RACE/ETHNICITY: AIAN,PRE: SUMMARY: R SELF-IDENTIFIED RACE/ETHNICITY,AIAN,0.5272584650943148,0.005715814638939149,0.07042501060317265,0.02043249260798421,0.434321796465605,0.006141567974535646,0.08130723159931393,0.026961292259860208,0.49404986004931106,0.006304754962535416,0.08568544816635935,0.02601466825790067,0.5096453936698665,0.006663738792575369,0.09572085705396076,0.030686415887323043,0.5270157849072696,0.006575268289853657,0.09319607114407173,0.026894111228861435,0.4814107108011992,0.006236611488514609,0.08384323544635996,0.02501699909983825,0.5354363891684384,0.006652969121700089,0.09541170655362176,0.028493060145922178,0.5073983630479755,0.0063766588988208184,0.08765102936921305,0.0274383786718015,0.549567812536689,0.006250332911426384,0.08421257513290627,0.02608722683525838,0.5061669721560167,0.006743514820125177,0.09802645130026916,0.030894833224632018
PRE: SUMMARY: R SELF-IDENTIFIED RACE/ETHNICITY: Asian/NHPI,PRE: SUMMARY: R SELF-IDENTIFIED RACE/ETHNICITY,Asian/NHPI,0.42157258395416936,0.005170072016513671,0.0576187501625438,0.014322184026370761,0.5106493602570532,0.005231859481314242,0.05900418152192683,0.014681065924854655,0.4550977036228904,0.005921344043513299,0.07558075725802733,0.021635487656196717,0.4765732007988847,0.0060186808702443854,0.07808601876162295,0.020798188119664107,0.3853948262660777,0.006107392382842434,0.080404858957772,0.024698877338678878,0.5068271772215287,0.005815979208260872,0.07291490911846729,0.020014814434302055,0.6116791898387585,0.00554952535487464,0.06638689065305838,0.01778161019658797,0.5614510528110085,0.005785281822522031,0.07214723439998291,0.019691395556679907,0.5076537035357892,0.0061235629132010295,0.0808311981825372,0.023339753697978544,0.5736255877637503,0.006108302332142624,0.08042882001708672,0.024532532967292197
PRE: SUMMARY: R SELF-IDENTIFIED RACE/ETHNICITY: Black,PRE: SUMMARY: R SELF-IDENTIFIED RACE/ETHNICITY,Black,0.3784040832864095,0.004019475733474183,0.034826471095558344,0.007334962635391405,0.2976879812599607,0.005565919795916617,0.06677971113353831,0.02395382535813875,0.3892496059561412,0.006063416574243903,0.07925112964353985,0.024463421561092092,0.5865088465577953,0.006416748030838141,0.08875659241991667,0.027644669151818096,0.6832971040553816,0.005591773895754393,0.06740154519115667,0.024901926924439294,0.5449726181574248,0.006370441545272232,0.08748019013329682,0.02754531013854295,0.5179360745860522,0.006148719306665135,0.08149669251466903,0.023993096976173738,0.48382537871846176,0.006726671430124637,0.0975373782259621,0.03169437557226253,0.4448392122188707,0.006472164759637867,0.09029626302914744,0.02702483323113327,0.5050497458443527,0.006527903272171163,0.09185822928767368,0.028845196806090767
PRE: SUMMARY: R SELF-IDENTIFIED RACE/ETHNICITY: Hispanic,PRE: SUMMARY: R SELF-IDENTIFIED RACE/ETHNICITY,Hispanic,0.4286507574240049,0.005009454166377467,0.05409429475090232,0.014477781407616463,0.389166307719444,0.005644376851210807,0.06867563003874905,0.019745041161719604,0.4211856675866365,0.006451267232391449,0.08971410162401257,0.02834319443373524,0.5006825200666608,0.006279991448760568,0.0850136676789148,0.02565961281429848,0.4906596870989185,0.0061042819398539686,0.08032298079159199,0.022743492663169256,0.5257721640932188,0.006554206074100508,0.09259996713179705,0.027250103413000926,0.5094005359661217,0.0061054627012031,0.08035405781092007,0.02340627053912074,0.624857302910444,0.006045901813527403,0.07879394192556652,0.024916339255844775,0.554089747924771,0.0067039889492778995,0.09688069100003528,0.03105386314722971,0.43747834594956686,0.006269752642135343,0.08473668356649047,0.024868859589029287
PRE: SUMMARY: R SELF-IDENTIFIED RACE/ETHNICITY: Multiracial,PRE: SUMMARY: R SELF-IDENTIFIED RACE/ETHNICITY,Multiracial,0.4083974084659898,0.0060915587501240475,0.0799884944454192,0.023849103815840177,0.4331099250874303,0.0058610529809859325,0.07404946799031228,0.021071786256958925,0.5413635968790809,0.006399969677739938,0.08829304219400488,0.026510227852917068,0.4043709278864379,0.005796418595436334,0.07242527123707734,0.021106751344706385,0.5128533215499828,0.006124765163884054,0.08086294078216631,0.022938758544048896,0.5273081955320613,0.006264423026358484,0.08459268362145164,0.024842213031354605,0.4809637288976407,0.006095836282043435,0.08010087076266625,0.024108694707147132,0.4455038672937954,0.006020387953136217,0.07813032023348486,0.02166087054313412,0.49930286403787,0.0056932272792379335,0.06986950903145771,0.019082906471325253,0.5213852341972418,0.005567627540708332,0.0668206963447699,0.01966096011669029
PRE: SUMMARY: R SELF-IDENTIFIED RACE/ETHNICITY: None,PRE: SUMMARY: R SELF-IDENTIFIED RACE/ETHNICITY,None,0.5329810740234462,0.005945127540284282,0.07618912749486997,0.022236447409068376,0.5299248089478812,0.0055296109836932865,0.06591128922205049,0.017314382216117793,0.484329007569017,0.006485164329956928,0.0906593537372421,0.02837193298142778,0.49209839644417214,0.00582111201841558,0.07304366595227521,0.01854902895341901,0.6111110190580354,0.005169452678480841,0.05760494635252658,0.01657272498327426,0.4716047226614665,0.006021882596388505,0.07816911887987761,0.023076686027833013,0.5698383196323769,0.0056892162436304764,0.06977109372033286,0.01813278295200431,0.48815325923315617,0.0055594605943971665,0.066624806520402,0.019514801999237625,0.45631335285439184,0.0061484046836535215,0.08148835254091095,0.022270347675222967,0.47507897558837836,0.006378790301684808,0.08770963400223374,0.0273672940448327
PRE: SUMMARY: R SELF-IDENTIFIED RACE/ETHNICITY: White,PRE: SUMMARY: R SELF-IDENTIFIED RACE/ETHNICITY,White,0.5440585033377479,0.006582607068140848,0.0934042229502596,0.029609637188236237,0.5619654434206177,0.006003170718681408,0.07768408170096683,0.02231111520800372,0.5356218997419819,0.006011912994717518,0.07791050544346458,0.02192658067604545,0.49177618319115096,0.006125124688859603,0.08087243440332666,0.023291764451942337,0.4741463823884125,0.006077552909561134,0.07962109482563502,0.023051246971063605,0.48601816595745767,0.006115825056765666,0.08062704741479358,0.023331303091613565,0.4874144459412249,0.006249420104635449,0.08418797989983022,0.024732290490772302,0.47701603818562177,0.0060451101770945025,0.07877330908257671,0.022250486861587277,0.4972620219592319,0.0060585994059562595,0.0791252552708799,0.022578567858804115,0.5062535365573303,0.006131461065419835,0.08103984430262103,0.023322062325344627
PRE: FOR WHICH CANDIDATE DID R VOTE IN PRESIDENTIAL PRIMARY: 3rd party,PRE: FOR WHICH CANDIDATE DID R VOTE IN PRESIDENTIAL PRIMARY,3rd party,0.5284538932690143,0.004596517041807198,0.04554370916864785,0.009335806654500891,0.4636226302593654,0.006076641517975279,0.07959721661150787,0.02504416938547891,0.5508104079465417,0.007011235795927922,0.10596435394676881,0.03771708272174412,0.3584110026015773,0.005761377779718159,0.07155225987768014,0.025107734311722172,0.5232594713505097,0.005705005515492808,0.07015890230491102,0.018357734880660302,0.4112319931589006,0.006322011607006969,0.08615514664305972,0.0287373380694403,0.5210138788508281,0.006332572154208138,0.08644322122151578,0.025949586798673315,0.5581089394791452,0.006257092354336873,0.08439481755099752,0.02453354056492798,0.5741023826520563,0.0061320825195445025,0.08105627271901786,0.024156746282155632,0.4726004981077847,0.005740743495684567,0.07104065109064955,0.01746360938318114
PRE: FOR WHICH CANDIDATE DID R VOTE IN PRESIDENTIAL PRIMARY: Amy Klobuchar,PRE: FOR WHICH CANDIDATE DID R VOTE IN PRESIDENTIAL PRIMARY,Amy Klobuchar,0.32565738228437674,0.00554942492231158,0.0663844878006255,0.026703439866611212,0.7694531334516582,0.004092840539640829,0.03610940208810798,0.008460709195215424,0.5644571173474916,0.0041316403597540545,0.036797276028271216,0.006609567941948374,0.6102103316174924,0.005150068066853398,0.05717373788438476,0.02031028572201084,0.4679194625056567,0.005426642431958292,0.06347943620974174,0.015418080613480505,0.459845070735356,0.005609485165695788,0.06782919392664975,0.016783320329877005,0.5917382376098201,0.00529380054142945,0.06040957722223923,0.016439630201462222,0.4679121015197063,0.005882519506479373,0.07459288426091049,0.01906525566035138,0.6218233988069307,0.00532609334454853,0.06114883613693174,0.01705572263044337,0.5513819178673808,0.005161206834179616,0.05742132049948988,0.011984820582332202
PRE: FOR WHICH CANDIDATE DID R VOTE IN PRESIDENTIAL PRIMARY: Another Democrat,PRE: FOR WHICH CANDIDATE DID R VOTE IN PRESIDENTIAL PRIMARY,Another Democrat,0.3349379380982968,0.005424577140393067,0.06343112692904826,0.01918543767381296,0.5267010028506579,0.005747563388962118,0.07120954121485952,0.019530271836845428,0.49547292589792863,0.0054076807422017495,0.06303659352939407,0.016577504583258143,0.5094512013294242,0.005770484802410155,0.07177864429274976,0.018589393795608755,0.5086387332776326,0.0053320505049194965,0.06128570085827006,0.014996134642644552,0.5708351724655818,0.005921651956118949,0.0755886179304752,0.024542540627022554,0.49434463315617266,0.005733423550737573,0.07085960063118965,0.021228834775559015,0.5129995329734289,0.006663497328037307,0.09571392017528328,0.027922744276961092,0.4613949689914568,0.005861282181991839,0.07405525962688718,0.019022304546929707,0.5660135043656734,0.00559311653988018,0.06743391672654625,0.020045110857252867
PRE: FOR WHICH CANDIDATE DID R VOTE IN PRESIDENTIAL PRIMARY: Another Republican,PRE: FOR WHICH CANDIDATE DID R VOTE IN PRESIDENTIAL PRIMARY,Another Republican,0.4719505123193114,0.005203946085310509,0.05837625430990482,0.014166921005608086,0.7569621061745184,0.0043405643402531875,0.040612810488139243,0.012297110908291723,0.6189258090873243,0.005885747725351364,0.0746747771404247,0.02393272255554957,0.5119836581019237,0.0055652754113412325,0.06676424942139929,0.017811337002502158,0.5210752106002448,0.006036143978224807,0.07853980685056781,0.02019641220360959,0.3943324214242109,0.006155544751919979,0.08167772531888971,0.022736373351286213,0.6291694732388504,0.005805797983357933,0.07265984860806592,0.02366521223763545,0.6179473243410082,0.005740487823645948,0.07103432344209913,0.018386633988562825,0.6042590234442432,0.00544277485906555,0.06385742299947246,0.017775897263186825,0.4625025139026236,0.00550562732280915,0.06534077320797792,0.015285511612023312
PRE: FOR WHICH CANDIDATE DID R VOTE IN PRESIDENTIAL PRIMARY: Bernie Sanders,PRE: FOR WHICH CANDIDATE DID R VOTE IN PRESIDENTIAL PRIMARY,Bernie Sanders,0.21251905732829146,0.0050026362080467,0.05394714831341087,0.03040562879519017,0.45014042903537343,0.0058260462046893354,0.07316754736927766,0.02079432522974686,0.559203834180635,0.005456769735824044,0.06418623531782255,0.015327780015283236,0.3699354295403536,0.006028199523467996,0.07833320298710464,0.025435035048758887,0.5461544952247289,0.005300439953496814,0.06056120197271016,0.015905281149257534,0.5167372246177768,0.005745673291405256,0.07116271411955494,0.01873991936179643,0.5351053010117878,0.005806583197882159,0.07267950393426559,0.018407176913803263,0.4651186982348175,0.005615724410671094,0.06798016618246656,0.01888962858912308,0.42756241395395894,0.005586397321109633,0.06727199230715276,0.018434795378447423,0.5156273185433267,0.005919744202851118,0.07553992165278998,0.02104283846443062
PRE: FOR WHICH CANDIDATE DID R VOTE IN PRESIDENTIAL PRIMARY: Donald Trump,PRE: FOR WHICH CANDIDATE DID R VOTE IN PRESIDENTIAL PRIMARY,Donald Trump,0.8155116484298391,0.0030934491765500444,0.0206279760602541,0.0035096210069097498,0.5826057927793401,0.005869783244029273,0.07427023132679386,0.0210318177671357,0.5779646385553368,0.006016585254655227,0.07803165143644779,0.022953579416710827,0.5355326862652255,0.006170043433049341,0.08206294352103334,0.024147448652346623,0.5443633808539209,0.006591985803040856,0.09367057258881661,0.02909652097452312,0.5642068747530117,0.0061882800245388935,0.08254876182773963,0.02540446630969745,0.4499435983174712,0.006456908773765007,0.08987107764059184,0.02848444618146254,0.48994325767466695,0.006488401394412715,0.09074988140911903,0.027021952555162078,0.47477590170884443,0.006343255535353734,0.08673513574176665,0.025860581305523166,0.5538020315943597,0.006277825129965583,0.08495502589796686,0.025958208051766823
PRE: FOR WHICH CANDIDATE DID R VOTE IN PRESIDENTIAL PRIMARY: Elizabeth Warren,PRE: FOR WHICH CANDIDATE DID R VOTE IN PRESIDENTIAL PRIMARY,Elizabeth Warren,0.11280189961596279,0.0030558419227875557,0.020129473582438988,0.011219313143371702,0.6702556146016567,0.0049190328954407045,0.052159101549908965,0.01363847135333108,0.46654424325510546,0.004786534570341496,0.04938704574114967,0.009889811966262967,0.4446768104691674,0.00478924537122796,0.04944300119522424,0.010089451058387575,0.633964454101134,0.004556213103846977,0.04474852305392739,0.013500144463816253,0.49767080248722034,0.0046899485571336675,0.04741402304090565,0.009774515909939312,0.5160919560484547,0.0051671812772797945,0.05755433550191414,0.012754314186406622,0.42654395212349666,0.004366113016563141,0.04109231368107263,0.009220958884311481,0.4176636570188139,0.005161158214802688,0.05742023866891605,0.014693549617901668,0.6176425826438756,0.0051203818062153916,0.0565165105590528,0.01322431967563423
PRE: FOR WHICH CANDIDATE DID R VOTE IN PRESIDENTIAL PRIMARY: Joe Biden,PRE: FOR WHICH CANDIDATE DID R VOTE IN PRESIDENTIAL PRIMARY,Joe Biden,0.27137363540497156,0.00386915447552898,0.03227028394111232,0.0058639436096402054,0.5145126364381921,0.00644950310459015,0.08966504289005676,0.02740311224668888,0.4864762983249803,0.005792438603729296,0.07232584673451238,0.019339429789921262,0.6229088837530651,0.005749430278601441,0.0712558084540939,0.02080821403475404,0.5474301450000678,0.005847363256973338,0.07370395570478974,0.020066523469870888,0.46332082488616505,0.0058589990649801985,0.07399757808623902,0.021479099453095566,0.5532415017715767,0.005861588329425804,0.07406299596139616,0.021220084212828325,0.5120806132445794,0.005803974271900416,0.072614208099478,0.020549263393053067,0.49777673130583505,0.006005655120740568,0.07774839385787122,0.021165229840551535,0.4784135051792958,0.005962057161114304,0.07662366470328678,0.021049079919843942
PRE: FOR WHICH CANDIDATE DID R VOTE IN PRESIDENTIAL PRIMARY: Michael Bloomberg,PRE: FOR WHICH CANDIDATE DID R VOTE IN PRESIDENTIAL PRIMARY,Michael Bloomberg,0.3271152978962578,0.0036800044288849807,0.029192233956765377,0.004074791250921635,0.6537512423607209,0.0057325145483682755,0.07083713362234392,0.02301185685797247,0.5851144422692734,0.005043786122116932,0.05483829872483164,0.013616980626667469,0.6018698567650534,0.005807868767635149,0.07271168978673004,0.020185211456101245,0.44275611945942694,0.005202323462064907,0.05833985581610072,0.018908967854836537,0.3513982807576798,0.0048459635448986765,0.050621024879489766,0.008053395649096047,0.6127760138597297,0.005233138629416023,0.05903303715675043,0.014362760819635658,0.48860657504040866,0.005711564179050486,0.0703203090329537,0.02207220662245464,0.6216587551833561,0.005006594209660384,0.0540325462352497,0.012850504841748007,0.4380543798695498,0.0059789247122195004,0.077057837612899,0.020926016919529396
PRE: FOR WHICH CANDIDATE DID R VOTE IN PRESIDENTIAL PRIMARY: None,PRE: FOR WHICH CANDIDATE DID R VOTE IN PRESIDENTIAL PRIMARY,None,0.5333940878234509,0.005456505335146582,0.06418001534748395,0.016535708848600388,0.46194801573592825,0.006117537011524763,0.08067219232167303,0.023785227690573955,0.47334930713466933,0.006429962746653548,0.08912254130054463,0.02724865855818343,0.4750052554941046,0.0061973626930509965,0.08279125675630387,0.024237267454890063,0.46728959472162573,0.0063057103582631596,0.08571141895006733,0.025826018329624018,0.4979219216600154,0.006367660484675233,0.08740382663365631,0.02610858953829212,0.4894999568495362,0.006281289453313864,0.08504881407441768,0.025318340329759107,0.5032267603924165,0.006380576782100737,0.08775876980321964,0.026332825182692355,0.5115610696877831,0.006316944274640696,0.08601708875142446,0.026064962042902498,0.4851600057736178,0.006316159241034896,0.08599571065894289,0.025877589825537794
PRE: FOR WHICH CANDIDATE DID R VOTE IN PRESIDENTIAL PRIMARY: Pete Buttigieg,PRE: FOR WHICH CANDIDATE DID R VOTE IN PRESIDENTIAL PRIMARY,Pete Buttigieg,0.2044858911386303,0.003579677931241659,0.027622218533637024,0.004540095742203045,0.705096717126204,0.005509908624319087,0.06544243367356102,0.02441240394831026,0.5383211961850658,0.004972460483737881,0.053298296585253487,0.011228771783058193,0.4891415227375528,0.004952901447360262,0.05287982646375342,0.012987276580569765,0.5009727292142206,0.004696353117405499,0.04754360796348338,0.010690482050735285,0.38625253096613954,0.005033782230769704,0.054620980891240074,0.013163909062451042,0.5519265943293772,0.005649513459120015,0.06880068203526243,0.017781946243897825,0.5219200424486212,0.004300231757077719,0.03986156747956241,0.008588134496926027,0.5402654173280036,0.005848159491265484,0.07372402957741374,0.01877981860524267,0.5496855956364615,0.00549658275133624,0.06512626763675632,0.017209924424075936
PRE: 7PT SCALE LIBERAL-CONSERVATIVE SELFPLACEMENT: Conservative,PRE: 7PT SCALE LIBERAL-CONSERVATIVE SELFPLACEMENT,Conservative,0.7982308397824494,0.0032964257546197213,0.023423794292130203,0.005135812481521813,0.6075624335536871,0.005789587621245827,0.0722546680854194,0.021199831674522853,0.5857853840763522,0.005902054404089578,0.07508912872169676,0.02081884597142692,0.5028703223037966,0.005884538222039518,0.0746440894132925,0.020693457443721888,0.5489643098337378,0.006275488433128674,0.08489179470204249,0.02583225106771271,0.5843170529329103,0.006140567901571371,0.08128075414467237,0.024577347559076344,0.44387854291898915,0.006283825967740339,0.08511751687917686,0.026310367629358497,0.5012188297548424,0.00634585788908454,0.08680631742546639,0.025616263873355125,0.47759181680755597,0.006374032179004545,0.087578832540298,0.026557242712562972,0.5448321348293008,0.006411130234771915,0.08860124950584088,0.027005766162531458
PRE: 7PT SCALE LIBERAL-CONSERVATIVE SELFPLACEMENT: Extremely conservative,PRE: 7PT SCALE LIBERAL-CONSERVATIVE SELFPLACEMENT,Extremely conservative,0.8764243219449501,0.0029392130157098162,0.018622276580814494,0.005606590394317027,0.5620772717745122,0.005756352494600053,0.0714274933009422,0.020147205603794998,0.589379914332634,0.006052757744450005,0.07897274473477355,0.02391191746077387,0.5251690594370018,0.006464942263584099,0.09009484648861532,0.0270392940818561,0.6855736073141612,0.006123445929168527,0.08082810982717073,0.034086054825254467,0.6129056304665339,0.006224987801998678,0.08353099560385696,0.02766264888787879,0.5293221298644205,0.006596159461095199,0.09378922354298212,0.029992181716770545,0.5160151334574599,0.006992506187553504,0.10539897003637333,0.03385595015806388,0.4900047311892953,0.006371371577731937,0.0875057347850238,0.026711534325580023,0.5323278967533785,0.006576775498046445,0.09323880156200605,0.028633440483928223
PRE: 7PT SCALE LIBERAL-CONSERVATIVE SELFPLACEMENT: Extremely liberal,PRE: 7PT SCALE LIBERAL-CONSERVATIVE SELFPLACEMENT,Extremely liberal,0.13662676338240295,0.003914748724219073,0.03303531336410082,0.012127015835230858,0.40602258270563846,0.00597174000865699,0.07687275246742307,0.022326407709011193,0.49997641350486133,0.005926873558203683,0.07572198196627247,0.020802940008550243,0.3551518911182878,0.006022494445461021,0.07818500432163782,0.028442905848156525,0.6160379500657813,0.004978128850670043,0.05341988085960394,0.015356213421144333,0.5939255026319089,0.00551953513610134,0.06567130595856553,0.020105146159276947,0.5237089344088528,0.005320217303800183,0.06101398500962061,0.016734453049940503,0.4825061743729005,0.005688464875869811,0.06975266577299073,0.020119193119947608,0.35440717897995133,0.005105491052256235,0.05618827341534574,0.01595108667449052,0.590226230234905,0.0059986197724831315,0.07756634323018573,0.025295225823874112
PRE: 7PT SCALE LIBERAL-CONSERVATIVE SELFPLACEMENT: Liberal,PRE: 7PT SCALE LIBERAL-CONSERVATIVE SELFPLACEMENT,Liberal,0.16663216010120765,0.0032987234651804557,0.023456459888754874,0.0064112307263878435,0.5550404013416811,0.005980735342276541,0.07710451636197742,0.02201763421941024,0.5273588033330594,0.005453877125307866,0.06411820365149286,0.015799168522751112,0.4637130236947883,0.005699193464059126,0.07001602446247089,0.01851082811942403,0.5310332972474844,0.005128602287591089,0.05669812430537326,0.013984794882471147,0.48726303224712464,0.005182315465698314,0.05789197171223332,0.01409980621836687,0.5159315790445655,0.0055709724883226544,0.0669010102193774,0.016828508623956764,0.4843747350934866,0.005333693190910597,0.061323468193647375,0.01562105215505215,0.46457273510427854,0.005471282080731315,0.06452809744084928,0.016350574073658294,0.5430751301623624,0.005346110800564581,0.061609340400341085,0.01594155879502679
PRE: 7PT SCALE LIBERAL-CONSERVATIVE SELFPLACEMENT: Moderate; middle of the road,PRE: 7PT SCALE LIBERAL-CONSERVATIVE SELFPLACEMENT,Moderate; middle of the road,0.4752375651131868,0.004745989766212563,0.04855391381418249,0.010274035630818324,0.47171622459388424,0.0059883803252931325,0.07730176283085405,0.022169221553226398,0.48163139210930284,0.006329004754728296,0.08634585457996116,0.025801177088537897,0.5191838804547712,0.006387347663638968,0.08794512270850145,0.026984713585668195,0.42942134641063956,0.0062804812558138615,0.08502692945427219,0.027159066253414757,0.4549082355452689,0.006348595249760862,0.08688122343630664,0.026696887357095526,0.5156878572831325,0.006468095202566306,0.09018274605851385,0.027307689817322196,0.5005844687854227,0.006310249571670766,0.08583486339478091,0.02537647971078688,0.5296029336127145,0.0060605227407695165,0.0791755007166475,0.023229336432443327,0.4472867835562635,0.006093401531227142,0.08003689702595532,0.023344088367113665
PRE: 7PT SCALE LIBERAL-CONSERVATIVE SELFPLACEMENT: None,PRE: 7PT SCALE LIBERAL-CONSERVATIVE SELFPLACEMENT,None,0.5062815824028055,0.004446086245187246,0.04261145993326614,0.008447623993475848,0.3217365618254989,0.005370207284468298,0.06216597464411178,0.020562694096493243,0.3851964676487958,0.00627942931638836,0.08499844893339921,0.02821208577358212,0.5646811650064474,0.006408613987984494,0.08853171454058537,0.027696936910824907,0.48181134206724463,0.006425529810034184,0.08899969816549068,0.027432866185684794,0.468772820320998,0.0064226893851983165,0.08892103038689553,0.02722796892736526,0.4915923004517421,0.006126344914848365,0.08090465986186117,0.023717300782498958,0.48944973476671383,0.006614015199725524,0.09429768381818902,0.0302039307046914,0.5303165775173969,0.006743936494972495,0.09803871095486898,0.030752103203851956,0.4689069698907336,0.006560610493400988,0.0927810230088598,0.029019405574906808
PRE: 7PT SCALE LIBERAL-CONSERVATIVE SELFPLACEMENT: Slightly conservative,PRE: 7PT SCALE LIBERAL-CONSERVATIVE SELFPLACEMENT,Slightly conservative,0.6245178676175588,0.004457165443026436,0.04282409143994316,0.008943498155249691,0.5872082309585055,0.006108476297740228,0.08043340133812271,0.025371838436448645,0.5217106134941231,0.00626947444293441,0.084729163922255,0.025034134421822746,0.46213095010867433,0.006027659671930107,0.07831917345593703,0.021805277424568982,0.45458707580740665,0.006284266031706236,0.08512943906283456,0.025123215887003253,0.49480399851277956,0.006507313229965446,0.0912796723125026,0.027624766263405973,0.4902739035221278,0.006512037320088025,0.09141225235170387,0.02794296274056939,0.5260266215635259,0.006341254340991422,0.08668041731403742,0.025666462961003566,0.5198823115665793,0.00634567343364378,0.08680127108969529,0.026124920161716744,0.48264637272381705,0.006321284756687337,0.0861353370318456,0.026417038832668938
PRE: 7PT SCALE LIBERAL-CONSERVATIVE SELFPLACEMENT: Slightly liberal,PRE: 7PT SCALE LIBERAL-CONSERVATIVE SELFPLACEMENT,Slightly liberal,0.2864956195865702,0.003768588080937337,0.030614557652150712,0.005345102136346561,0.5569108448353678,0.005865500310719621,0.0741618871565262,0.020591546319769557,0.5050201021060455,0.005805297709911063,0.07264732725374952,0.01991920961589306,0.4604590922604532,0.005977725359185177,0.07702692560571538,0.021386961016437153,0.47981388244277073,0.005662812776504111,0.06912498574747032,0.018586791895406917,0.44413278910677095,0.00560913658528207,0.06782076420693356,0.017859191128996508,0.5418224824226535,0.005957192182855169,0.07649866745365627,0.02165964909888229,0.5086635074447863,0.0056538427718402125,0.06890616856870242,0.017723622319055266,0.5019664468271148,0.005806232332104175,0.07267072080677926,0.0201790536451933,0.512737371097753,0.005636065065991993,0.0684735185159572,0.0177385933969268
